Title,Author,My Rating,Binding,Date Read,Status,Genre,Read Count,Number of Pages
"Onyx Storm (The Empyrean, #3)",Rebecca Yarros,5,ebook,"January 21, 2025 → January 26, 2025","read, ♡","Adult, fantasy, fiction, romance",1,527
Nightshade (Sorrowsong University #1),Autumn  Woods,5,ebook,"February 2, 2025 → February 4, 2025",read,"fantasy, mystery, romance, sports",1,359
Limerence (Fated Fixation #1),H.C. Dolores,0,,,,,0,415
"Broken Whispers (Perfectly Imperfect, #2)",Neva Altaj,0,,,,,0,232
The Stranger,Albert Camus,3,Paperback,"January 11, 2025 → January 19, 2025",read,"classics, fiction, literary fiction, philosophy",1,123
"The Risk (Briar U, #2)",Elle Kennedy,5,ebook,"September 20, 2024 → September 22, 2024","read, ♡","Adult, contemporary, romance, sports",1,402
"Until You (Fall Away, #2)",Penelope Douglas,0,Paperback,,,,0,384
Notes from Underground,Fyodor Dostoevsky,0,Paperback,,,,0,136
1984,George Orwell,0,Paperback,,,,0,368
Anna Karenina,Leo Tolstoy,0,Paperback,,,,0,964
Crime and Punishment,Fyodor Dostoevsky,0,Paperback,,,,0,671
Us Dark Few (Us Dark Few #1),Alexis Patton,1,ebook,"February 16, 2025 → February 18, 2025",read,"dystopia, fantasy, romance",1,321
The Vegetarian,Han Kang,0,Hardcover,,,,0,188
Human Acts,Han Kang,0,Hardcover,,,,0,218
"Book of Night (Book of Night, #1)",Holly Black,0,Hardcover,,,,1,304
"Gods and Monsters (Gods and Monsters, #4)",Amber V. Nicole,0,,,,,0,0
"When the Moon Hatched (Moonfall, #1)",Sarah A. Parker,3,ebook,"January 7, 2025 → January 10, 2025",read,"fantasy, fiction, romance",1,718
Wings of Starlight,Allison Saft,0,Hardcover,,,,0,400
"This Woven Kingdom (This Woven Kingdom, #1)",Tahereh Mafi,3,ebook,"September 2, 2022 → September 4, 2022",read,"YA, fantasy, fiction, romance",1,512
The True Love Experiment,Christina Lauren,0,Hardcover,,,,0,409
"The Exception to the Rule (The Improbable Meet-Cute, #1)",Christina Lauren,0,,,,,0,101
The Ballad of Falling Dragons,Sarah A. Parker,0,,,,,0,0
"Half a Soul (Regency Faerie Tales, #1)",Olivia Atwater,0,,,,,0,304
Don't Be In Love,Liana Cincotti,0,,,,,0,323
Adoration,June Hur,0,,,,,0,0
"The Floating World (The Floating World, #1)",Axie Oh,0,Hardcover,,,,0,368
Funny Story,Emily Henry,0,Paperback,,,,0,416
"Fragile Sanctuary (Sparrow Falls, #1)",Catherine Cowles,0,Paperback,,,,0,366
Voice of the Ocean,Kelsey Impicciche,4,ebook,"April 26, 2025 → April 30, 2025",read,"YA, fantasy, fiction, romance",1,432
Nocticadia,Keri Lake,4.5,ebook,"January 3, 2025 → January 6, 2025",read,"contemporary, dark, fantasy, gothic, mystery, romance",1,682
A Little Life,Hanya Yanagihara,5,Paperback,"February 4, 2025 → March 11, 2025",read,"contemporary, fiction, literary fiction",0,720
The Secret History,Donna Tartt,5,Paperback,"August 20, 2025 → September 22, 2025","read, ♡","Adult, classics, contemporary, fiction, literary fiction, mystery, thriller",1,559
"The Housemaid (The Housemaid, #1)",Freida McFadden,0,,,,,0,329
I Who Have Never Known Men,Jacqueline Harpman,0,Paperback,,,,0,208
Water Moon,Samantha Sotto Yambao,0,Hardcover,,,,0,384
Pachinko,Min Jin Lee,5,Paperback,"December 15, 2024 → January 1, 2025",read,"historical, literary fiction",1,496
The Games Gods Play,Abigail Owen,0,Hardcover,,,,0,592
Close Protection: The thrilling #FakeDating #BodyguardRomance YA debut from BookTok Content Creator of the Year,Eden Victoria,0,,,,,0,0
Katabasis,R.F. Kuang,0,,,,,0,0
Yellowface,R.F. Kuang,0,Hardcover,,,,0,323
The Last Song,Nicholas Sparks,0,Paperback,,,,0,390
A Walk to Remember,Nicholas Sparks,0,,,,,0,215
"The Notebook (The Notebook, #1)",Nicholas Sparks,0,,,,,0,227
The Great Alone,Kristin Hannah,0,,,,,0,435
Immortal,Sue Lynn Tan,0,Hardcover,,,,0,464
"Watch Me (Shatter Me: The New Republic, #1)",Tahereh Mafi,4,Hardcover,"April 17, 2025 → April 20, 2025",read,"YA, dystopia, fantasy, fiction, romance, science fiction",1,368
"The Hurricane Wars (The Hurricane Wars, #1)",Thea Guanzon,0,Hardcover,,,,1,472
The Third Gilmore Girl,Kelly  Bishop,0,Hardcover,,,,0,256
"Prince Caspian (Chronicles of Narnia, #2)",C.S. Lewis,4,Paperback,"November 25, 2024 → December 4, 2024",read,"YA, classics, fantasy, fiction",1,240
"The Will of the Many (Hierarchy, #1)",James  Islington,0,,,,,0,639
Deep End,Ali Hazelwood,2,ebook,"February 6, 2025 → February 8, 2025",read,"Adult, contemporary, fiction, romance, sports",1,464
Lunar Crest University,Cassidy Hudspeth,3,ebook,"February 10, 2025 → February 12, 2025",read,"Adult, dark, romance",1,
Nights of Obedience,Rachel Mays,0,,,,,0,396
"The Road of Bones (The Ashen, #1)",Demi Winters,0,,,,,0,500
"Metal Slinger (Fire & Metal, #1)",Rachel   Schneider,0,,,,,0,497
A Love Letter to Whiskey: Fifth Anniversary Edition,Kandi Steiner,0,,,,,0,608
"City of Gods and Monsters (House of Devils, #1)",Kayla   Edwards,0,ebook,,,,0,760
The Viridian Priestess (The Viridian Priestess #1),Katrina Calandra,0,,,,,0,416
What You Are Looking For Is in the Library,Michiko Aoyama,0,Hardcover,,,,0,304
"Days at the Morisaki Bookshop (Days at the Morisaki Bookshop, #1)",Satoshi Yagisawa,0,Paperback,,,,0,150
"Nothing Like the Movies (Better Than the Movies, #2)",Lynn Painter,0,Hardcover,,,,0,442
"Of Blood and Aether (Harbingers, #1)",Harper Hawthorne,0,,,,,0,608
My December Darling,Lauren Asher,0,,,,,0,252
"The Voyage of the Dawn Treader (Chronicles of Narnia, #3)",C.S. Lewis,0,Hardcover,,,,0,248
"The Lion, the Witch and the Wardrobe (Chronicles of Narnia, #1)",C.S. Lewis,0,Paperback,,,,0,206
"Long Shot (Hoops, #1)",Kennedy Ryan,4,ebook,"November 23, 2024 → November 25, 2024",read,"Adult, contemporary, romance, sports",1,462
"Scythe (Arc of a Scythe, #1)",Neal Shusterman,3,Paperback,"September 19, 2024 → November 22, 2024",read,"YA, dystopia, fantasy, fiction, romance, science fiction",1,435
Babel,R.F. Kuang,0,Hardcover,,,,0,544
"Phantasma (Wicked Games, #1)",Kaylie Smith,4.5,ebook,"October 29, 2024 → October 31, 2024","read, ♡","dark, fantasy, fiction, gothic, romance",1,512
"Flock (The Ravenhood, #1)",Kate  Stewart,2,ebook,"November 11, 2024 → November 20, 2024",read,"Adult, contemporary, dark, fiction, romance",1,354
"The Songbird & the Heart of Stone (Crowns of Nyaxia, #3)",Carissa Broadbent,0,Hardcover,,,,0,431
"A Promise of Peridot (The Sacred Stones, #2)",Kate  Golden,0,Paperback,,,,0,464
"Restless Stars (Zodiac Academy, #9)",Caroline Peckham,0,,,,,0,1153
"Throne of the Fallen (Prince of Sin, #1)",Kerri Maniscalco,5,ebook,"October 4, 2023 → October 7, 2023","read, ♡","Adult, fantasy, fiction, romance",1,612
"Throne of Secrets (Prince of Sin, #2)",Kerri Maniscalco,3,ebook,"November 7, 2024 → November 9, 2024",read,"Adult, fantasy, fiction, romance",1,512
"World After (Penryn & the End of Days, #2)",Susan Ee,4,ebook,"July 2, 2021",read,"YA, dystopia, fantasy, fiction, romance",1,320
"Playing with Monsters (Playing with Monsters, #1)",Amelia Hutchins,2,ebook,"November 3, 2024 → November 6, 2024",read,"dark, fantasy, romance",1,514
"Heir (Heir Duology, #1)",Sabaa Tahir,0,Hardcover,,,,0,484
"Queen of the Dome (QOTD, #1)",Amizah R,0,,,,,0,336
"Iron Flame (The Empyrean, #2)",Rebecca Yarros,3.5,ebook,"December 15, 2023 → January 12, 2024",read,"Adult, fantasy, fiction, romance",1,623
"One Dark Window (The Shepherd King, #1)",Rachel Gillig,4,ebook,"August 11, 2025 → August 14, 2025",read,"YA, fantasy, fiction, gothic, romance",1,399
"A Monsoon Rising (The Hurricane Wars, #2)",Thea Guanzon,0,Hardcover,,,,0,400
"The Knight and the Moth (The Stonewater Kingdom, #1)",Rachel Gillig,5,ebook,"August 4, 2025 → August 8, 2025",read,"Adult, fantasy, fiction, gothic, romance",1,400
"Enchantra (Wicked Games, #2)",Kaylie Smith,4,ebook,"April 14, 2025 → April 16, 2025",read,"Adult, dark, fantasy, fiction, gothic, romance",1,448
"The Dagger and the Flame (The City of Fantome, #1)",Catherine Doyle,0,,,,,0,509
Our Infinite Fates,Laura Steven,0,Hardcover,,,,0,352
"Wings So Wicked (Golden City, #1)",Emily Blackwood,0,,,,,0,381
"Never Keep (Sins of the Zodiac, #1)",Caroline Peckham,0,ebook,"March 27, 2025",dnf,"Adult, dark, fantasy, fiction, romance",0,636
"A Touch of Gold and Madness (Celestials of Arcadia, #1)",K.L. DeVore,0,ebook,,,,0,624
"Anathema (The Eating Woods, #1)",Keri Lake,0,,,,,0,688
"Pestilence (The Four Horsemen, #1)",Laura Thalassa,0,Paperback,,,,0,416
Kill the King (A Knight's Revenge #3),Elizabeth Dear,2,ebook,"October 25, 2024 → October 28, 2024",read,"Adult, contemporary, crime, dark, romance",1,331
Seize the Castle (A Knight's Revenge #2),Elizabeth Dear,3,ebook,"October 21, 2024 → October 24, 2024",read,"Adult, contemporary, crime, dark, romance",1,304
Storm the Gates (A Knight's Revenge #1),Elizabeth Dear,4,ebook,"October 18, 2024 → October 21, 2024",read,"Adult, contemporary, crime, dark, romance",1,258
"Heartless (Chestnut Springs, #2)",Elsie Silver,3,ebook,"October 2, 2024",read,"Adult, contemporary, fiction, romance",1,476
"Flawless (Chestnut Springs, #1)",Elsie Silver,3,ebook,"September 28, 2024",read,"Adult, contemporary, fiction, romance",1,424
"Wild Love (Rose Hill, #1)",Elsie Silver,0,,,,,0,402
The Seven Year Slip,Ashley Poston,0,Paperback,,,,0,336
Lessons in Chemistry,Bonnie Garmus,0,Hardcover,,,,0,404
"Break Me (Brayshaw, #5)",Meagan Brandy,2,ebook,"September 20, 2024",read,"Adult, contemporary, dark, romance",1,490
"The Atlas Six (The Atlas, #1)",Olivie Blake,0,,,,,1,376
Vesselless (The Merciless Realms #1),Cortney L. Winn,0,,,,,0,485
A Song to Drown Rivers,Ann Liang,0,Hardcover,,,,0,325
"Reign & Ruin (Mages of the Wheel, #1)",J.D.  Evans,0,Paperback,,,,0,420
"Good Girl, Bad Blood (A Good Girl's Guide to Murder, #2)",Holly  Jackson,0,Paperback,,,,0,413
"A Good Girl's Guide to Murder (A Good Girl's Guide to Murder, #1)",Holly  Jackson,3,ebook,"August 17, 2024",read,"YA, contemporary, crime, fiction, romance",1,433
"A Shadow in the Ember (Flesh and Fire, #1)",Jennifer L. Armentrout,0,Hardcover,,,,0,647
"King of Wrath (Kings of Sin, #1)",Ana Huang,3,ebook,,read,"Adult, contemporary, dark, fiction, romance",1,398
"Play Along (Windy City, #4)",Liz Tomforde,4,ebook,"August 8, 2024",read,"Adult, contemporary, fiction, romance, sports",1,384
"Play with Me (Playing for Keeps, #2)",Becka Mack,0,Paperback,,,,0,544
"Redeeming 6 (Boys of Tommen, #4)",Chloe Walsh,4.25,ebook,"August 3, 2024",read,"Adult, contemporary, fiction, romance, sports",1,1066
"Blood of Hercules (Villains of Lore, #1)",Jasmine Mas,0,Paperback,,,,0,496
How To Build A Car,Adrian Newey,0,Hardcover,,,,0,400
Surviving to Drive,Guenther Steiner,0,Paperback,,,,0,304
Lewis Hamilton: My Story,Lewis Hamilton,0,,,,,0,290
"Better than the Movies (Better than the Movies, #1)",Lynn Painter,0,Hardcover,,,,0,356
"Saving 6 (Boys of Tommen, #3)",Chloe Walsh,4.25,ebook,"July 25, 2024",read,"Adult, contemporary, fiction, romance, sports",1,725
Know My Name,Chanel Miller,0,ebook,,,,0,384
"Butcher & Blackbird (The Ruinous Love Trilogy, #1)",Brynne Weaver,0,Paperback,,,,0,360
The Book Thief,Markus Zusak,0,,,,,0,592
"Spark of the Everflame (Kindred's Curse, #1)",Penn Cole,1,ebook,"July 12, 2024",dnf,"Adult, fantasy, fiction, romance",1,438
"Caught Up (Windy City, #3)",Liz Tomforde,4,ebook,"July 8, 2024",read,"Adult, contemporary, fiction, romance, sports",1,408
"Love Unwritten (Lakefront Billionaires, #2)",Lauren Asher,4,ebook,"June 30, 2024",read,"Adult, contemporary, fiction, romance",1,551
"Reckless (The Powerless Trilogy, #2)",Lauren  Roberts,3,Hardcover,"July 5, 2024",read,"YA, fantasy, fiction, romance",1,396
"Rewind It Back (Windy City, #5)",Liz Tomforde,4.25,ebook,"May 21, 2025 → May 26, 2025",read,"Adult, contemporary, fiction, romance, sports",1,491
"The Right Move (Windy City, #2)",Liz Tomforde,5,ebook,"July 4, 2024","read, ♡","Adult, contemporary, fiction, romance, sports",1,499
"Taming 7 (Boys of Tommen, #5)",Chloe Walsh,4.5,ebook,"April 20, 2025 → April 25, 2025",read,"Adult, YA, contemporary, fiction, romance, sports",1,464
"Keeping 13 (Boys of Tommen, #2)",Chloe Walsh,5,ebook,"August 6, 2022","read, ♡","Adult, contemporary, romance, sports",2,938
"Binding 13 (Boys of Tommen, #1)",Chloe Walsh,5,ebook,"July 23, 2022","read, ♡","Adult, contemporary, romance, sports",2,887
"The Dawn of the Cursed Queen (Gods and Monsters, #3)",Amber V. Nicole,4,ebook,"June 27, 2024","read, ♡","Adult, dark, fantasy, fiction, romance",1,581
"The Throne of Broken Gods (Gods and Monsters, #2)",Amber V. Nicole,3,ebook,"May 11, 2024 → May 19, 2024","read, ♡","dark, fantasy, fiction, romance",1,619
"The Book of Azrael (Gods and Monsters, #1)",Amber V. Nicole,4,ebook,"May 7, 2024 → May 11, 2024","read, ♡","dark, fantasy, fiction, romance",1,572
"Mile High (Windy City, #1)",Liz Tomforde,3,ebook,"June 23, 2024",read,"Adult, contemporary, romance, sports",1,603
"The Graham Effect (Campus Diaries, #1)",Elle Kennedy,0,,,,,0,498
"Redeemed (Dirty Air, #4)",Lauren Asher,4,ebook,,read,"Adult, contemporary, fiction, romance, sports",1,482
"Wrecked (Dirty Air, #3)",Lauren Asher,4,ebook,,read,"Adult, contemporary, fiction, romance, sports",1,584
"A Kiss of Iron (Shadows of the Tenebris Court, #1)",Clare Sager,0,,,,,0,610
"The American Roommate Experiment (Spanish Love Deception, #2)",Elena  Armas,3,ebook,"September 16, 2022",read,"Adult, contemporary, fiction, romance",1,406
"The Score (Off-Campus, #3)",Elle Kennedy,4.5,ebook,"November 9, 2021",read,"Adult, contemporary, fiction, romance, sports",1,361
Normal People,Sally Rooney,2,Paperback,"June 16, 2024",read,"Adult, contemporary, fiction, literary fiction",1,273
"Peaches & Honey: These Immortal Truths (Peaches and Honey, #1)",R. Raeta,0,Paperback,,,,0,320
It Didn't Start with You: How Inherited Family Trauma Shapes Who We Are and How to End the Cycle,Mark Wolynn,0,Hardcover,,,,0,256
The Year After You,Nina de Pass,2.5,Hardcover,"June 7, 2024",read,"YA, contemporary, fiction, romance",1,274
"Promised in Fire (Of Dragons and Fae, #1)",Jasmine Walt,0,Paperback,,,,0,414
"Heavenly Bodies (Heavenly Bodies, #1)",Imani Erriu,0,Paperback,,,,0,619
"A Dawn of Onyx (The Sacred Stones, #1)",Kate  Golden,0,Paperback,,,,0,432
A Liar's Twisted Tongue (The Fated Blood Trilogy #1),Caroline Cusanelli,0,Paperback,,,,0,451
"The Prisoner’s Throne (The Stolen Heir Duology, #2)",Holly Black,3,ebook,"June 4, 2024",read,"YA, fantasy, fiction, romance",1,359
The Stolen Heir (The Stolen Heir Duology #1),Holly Black,4,ebook,"June 1, 2024",read,"YA, fantasy, fiction, romance",1,11
"The Way I Used to Be (The Way I Used to Be, #1)",Amber   Smith,0,,,,,0,385
"Rebel Witch (The Crimson Moth, #2)",Kristen Ciccarelli,4,ebook,"February 18, 2025 → February 21, 2025",read,"YA, fantasy, fiction, romance",1,464
"Heartless Hunter (The Crimson Moth, #1)",Kristen Ciccarelli,4,ebook,"May 29, 2024",read,"YA, fantasy, fiction, romance",1,406
How to End a Love Story,Yulin Kuang,0,Paperback,,,,0,384
"My Fault (Culpable, #1)",Mercedes Ron,3,Paperback,"June 16, 2023",read,"Adult, YA, contemporary, fiction, romance",1,416
"A Broken Blade (The Halfling Saga, #1)",Melissa Blair,0,,,,,0,427
"Sinners Consumed (Sinners Anonymous, #3)",Somme Sketcher,3,ebook,"May 26, 2024",read,"Adult, contemporary, dark, fiction, romance",1,319
"Part of Your World (Part of Your World, #1)",Abby Jimenez,0,Paperback,,,,0,389
"Sinners Condemned (Sinners Anonymous, #2)",Somme Sketcher,4,ebook,"May 25, 2024",read,"Adult, contemporary, dark, fiction, romance",1,316
Pride and Prejudice,Jane Austen,4,Hardcover,"January 10, 2024 → May 23, 2024","read, ♡","classics, fiction, historical",1,279
No Longer Human,Osamu Dazai,3,ebook,"September 19, 2021",dnf,,1,176
"A RomaJuliette Christmas Special (These Violent Delights, #0.5)",Chloe Gong,4,ebook,"January 29, 2021",read,"YA, fantasy, fiction, historical, romance",1,27
"The Dragon Republic (The Poppy War, #2)",R.F. Kuang,4,ebook,"April 23, 2022",read,"Adult, YA, fantasy, fiction, historical",1,658
"Vow of Thieves (Dance of Thieves, #2)",Mary E. Pearson,4,ebook,"June 8, 2020",read,"YA, fantasy, fiction, romance",1,480
"Dance of Thieves (Dance of Thieves, #1)",Mary E. Pearson,4,ebook,"June 6, 2020",read,"YA, fantasy, fiction, romance",1,512
"Wildcard (Warcross, #2)",Marie Lu,4,Hardcover,"May 25, 2019",read,"YA, dystopia, fantasy, fiction, romance, science fiction",1,352
"Warcross (Warcross, #1)",Marie Lu,4,Hardcover,"June 21, 2018",read,"YA, dystopia, fantasy, fiction, romance, science fiction",1,353
"Daughter of the Pirate King (Daughter of the Pirate King, #1)",Tricia Levenseller,4,ebook,"July 24, 2020",read,"YA, fantasy, fiction, romance",1,308
"Fire Falling (Air Awakens, #2)",Elise Kova,4,ebook,"July 4, 2020",read,"YA, fantasy, fiction, romance",1,378
"The Wicked King (The Folk of the Air, #2)",Holly Black,4,ebook,"January 1, 2020","read, ♡","YA, fantasy, fiction, romance",1,336
"The Queen of Nothing (The Folk of the Air, #3)",Holly Black,4,ebook,"January 1, 2020",read,"YA, fantasy, fiction, romance",1,321
"The Cruel Prince (The Folk of the Air, #1)",Holly Black,4,ebook,"January 1, 2020",read,"YA, fantasy, fiction, romance",1,370
"Stars Above (The Lunar Chronicles, #4.5)",Marissa Meyer,4,Hardcover,,read,"YA, dystopia, fantasy, fiction, romance, science fiction",1,400
"Avenged (Ruined, #2)",Amy Tintera,3,ebook,"July 22, 2019",read,"YA, fantasy, fiction, romance",1,412
"Ruined (Ruined, #1)",Amy Tintera,3,ebook,"June 19, 2019",read,"YA, fantasy, fiction, romance",1,355
"The Favorite (The Selection, #2.6)",Kiera Cass,3,Paperback,,read,"YA, dystopia, fantasy, fiction, romance, science fiction",1,58
"Cinder & Ella (Cinder & Ella, #1)",Kelly Oram,4,ebook,"September 4, 2021",read,"YA, contemporary, romance",1,254
"The Guard (The Selection, #2.5)",Kiera Cass,3,Paperback,,read,"YA, dystopia, fantasy, fiction, romance",1,64
"Red Queen (Red Queen, #1)",Victoria Aveyard,4,Hardcover,,read,"YA, dystopia, fiction, romance, science fiction",1,388
"The Prince (The Selection, #0.5)",Kiera Cass,4,Paperback,,read,"YA, dystopia, fantasy, fiction, romance",1,64
"The One (The Selection, #3)",Kiera Cass,4,Paperback,,read,"YA, dystopia, fantasy, fiction, romance, science fiction",1,323
"The Elite (The Selection, #2)",Kiera Cass,4,Paperback,,read,"YA, dystopia, fantasy, fiction, romance, science fiction",1,336
"The Selection (The Selection, #1)",Kiera Cass,4,Paperback,,read,"YA, dystopia, fantasy, fiction, romance, science fiction",1,336
"Six Crimson Cranes (Six Crimson Cranes, #1)",Elizabeth Lim,4,ebook,"March 7, 2022",read,"YA, fantasy, fiction, romance",1,454
"The Bridge Kingdom (The Bridge Kingdom, #1)",Danielle L. Jensen,4,ebook,"June 23, 2020",read,"Adult, fantasy, fiction, romance",1,354
"The Traitor Queen (The Bridge Kingdom, #2)",Danielle L. Jensen,4,ebook,"June 24, 2020",read,"Adult, fantasy, fiction, romance",1,10
"Blood & Steel (The Legends of Thezmarr, #1)",Helen Scheuerer,2,ebook,"May 21, 2024",read,"Adult, fantasy, fiction, romance",1,550
"Untitled (The Empyrean, #4)",Rebecca Yarros,0,Hardcover,,,,0,0
"Full Measures (Flight & Glory, #1)",Rebecca Yarros,0,,,,,0,374
The Paradise Problem,Christina Lauren,0,Hardcover,,,,0,352
"A Curse for True Love (Once Upon a Broken Heart, #3)",Stephanie Garber,4,ebook,"May 1, 2024 → May 3, 2024",read,"YA, fantasy, fiction, romance",1,386
"The Ballad of Never After (Once Upon a Broken Heart, #2)",Stephanie Garber,4,ebook,"April 29, 2024 → May 1, 2024","read, ♡","YA, fantasy, fiction, romance",1,416
"Savage Lands (Savage Lands, #1)",Stacey Marie Brown,2,ebook,"April 29, 2024",read,"Adult, dystopia, fantasy, romance",1,423
"Powerful (The Powerless Trilogy, #1.5)",Lauren  Roberts,5,ebook,"April 27, 2024 → April 28, 2024",read,"YA, fantasy, fiction, romance",1,272
"Lakefront Billionaires 3 (Lakefront Billionaires, #3)",Lauren Asher,0,,,,,0,500
"Love Redesigned (Lakefront Billionaires, #1)",Lauren Asher,3,ebook,"April 25, 2024 → April 27, 2024",read,"Adult, contemporary, fiction, romance",1,530
"Ruthless Vows (Letters of Enchantment, #2)",Rebecca   Ross,3,ebook,"April 17, 2024 → April 23, 2024",read,"YA, fantasy, fiction, historical, romance",1,420
A Crane Among Wolves,June Hur,0,,,,,0,364
"The Big A.S.S. Party (Zodiac Academy, #5.5)",Caroline Peckham,1,ebook,"February 12, 2022",read,"Adult, fantasy, romance",1,98
"Destroy the Day (Defy the Night, #3)",Brigid Kemmerer,3,ebook,"April 4, 2024 → April 7, 2024",read,"YA, dystopia, fantasy, fiction, romance",1,550
"Defend the Dawn (Defy the Night, #2)",Brigid Kemmerer,3,ebook,"March 31, 2024 → April 2, 2024",read,"YA, dystopia, fantasy, fiction, romance",1,448
"A Fate Inked in Blood (Saga of the Unfated, #1)",Danielle L. Jensen,0,Hardcover,,,,0,419
You're That Bitch: And Other Lessons About Being Unapologetically Yourself,Bretman Rock,3,ebook,"January 19, 2024 → January 27, 2024",read,"biography, memoir, nonfiction, self help",1,272
"Bone Crier's Moon (Bone Grace, #1)",Kathryn Purdie,3,ebook,"July 15, 2020",read,"YA, fantasy, fiction, romance",1,480
"Little Women (Little Women, #1)",Louisa May Alcott,0,,,,,0,449
"The Hunger Games (The Hunger Games, #1)",Suzanne Collins,0,Hardcover,,,,0,374
Sense and Sensibility,Jane Austen,0,Paperback,,,,0,409
White Nights,Fyodor Dostoevsky,0,Paperback,,,,0,82
The Sword of Kaigen,M.L. Wang,0,,,,,0,651
A Sea of Blood and Sapphire (The Crystal Seas),Florence   Gray,0,,,,,0,472
The Woman in Me,Britney Spears,3,Audiobook,"September 22, 2025 → September 25, 2025",read,"Adult, biography, memoir, nonfiction",1,288
"The Book That Wouldn’t Burn (The Library Trilogy, #1)",Mark  Lawrence,0,Hardcover,,,,0,559
"Meet Me in the Ether (Meet Me in the Ether, #1)",Iris Lake,0,,,,,0,0
Quiet: The Power of Introverts in a World That Can't Stop Talking,Susan Cain,0,Hardcover,,,,0,333
"Powerless (The Powerless Trilogy, #1)",Lauren  Roberts,5,Hardcover,"June 24, 2023","read, ♡","YA, fantasy, fiction, romance",2,523
"Twisted Lies (Twisted, #4)",Ana Huang,4,ebook,"July 11, 2022","read, ♡","Adult, contemporary, dark, fiction, romance",1,530
"Terms and Conditions  (Dreamland Billionaires, #2)",Lauren Asher,4,ebook,"March 2, 2022","read, ♡","Adult, contemporary, fiction, romance",1,435
"Divine Rivals (Letters of Enchantment, #1)",Rebecca   Ross,4,ebook,"October 13, 2023",read,"YA, fantasy, fiction, historical, romance",1,357
Heaven,Mieko Kawakami,0,Hardcover,,,,0,192
One Last Rainy Day: The Legacy of a Prince,Kate  Stewart,0,,,,,0,0
"A Court This Cruel & Lovely (Kingdom of Lies, #1)",Stacia Stark,0,,,,,0,562
"Dark Shores (Dark Shores, #1)",Danielle L. Jensen,3,Hardcover,"September 12, 2020",read,"YA, fantasy, fiction, romance",1,368
"Cross My Heart (The Oxford Legacy, #1)",Roxy Sloane,0,,,,,0,294
"The Roommate (The Shameless Series, #1)",Rosie Danan,3,ebook,"October 27, 2022",read,"Adult, contemporary, fiction, romance",1,325
The Last Letter,Rebecca Yarros,0,Paperback,,,,0,426
The Broken Note (Redwood Kings #3),Nelia Alarcon,2,ebook,"August 30, 2023",read,"YA, contemporary, dark, fantasy, romance",1,404
The Darkest Note (Redwood Kings #1),Nelia Alarcon,3,ebook,"August 27, 2023",read,"YA, contemporary, dark, fantasy, romance",1,325
The Ruthless Note (Redwood Kings #2),Nelia Alarcon,3,ebook,"August 28, 2023",read,"Adult, contemporary, dark, fiction, romance",1,380
"The Predator (Dark Verse, #1)",RuNyx,2,ebook,"August 20, 2023",read,"Adult, contemporary, crime, dark, fiction, mystery, romance",1,318
"The Bonds We Break (The Four, #5)",Becca Steele,3,ebook,"August 4, 2023",read,"Adult, contemporary, dark, fiction, mystery, romance",1,270
"Six Scorched Roses (Crowns of Nyaxia, #1.5)",Carissa Broadbent,4,ebook,"August 1, 2023",read,"Adult, fantasy, fiction, romance",1,187
Out on a Limb,Hannah Bonam-Young,0,ebook,,,,0,397
If You Could See the Sun,Ann Liang,0,Hardcover,,,,0,345
"Caraval (Caraval, #1)",Stephanie Garber,3,ebook,"August 30, 2019",read,"YA, fantasy, fiction, mystery, romance",1,407
"The ​Crown of Gilded Bones (Blood and Ash, #3)",Jennifer L. Armentrout,3,Paperback,"June 26, 2021",dnf,,1,645
"The Ashes & the Star-Cursed King (Crowns of Nyaxia, #2)",Carissa Broadbent,4,ebook,"July 28, 2023",read,"Adult, fantasy, fiction, romance",1,618
"All This Twisted Glory (This Woven Kingdom, #3)",Tahereh Mafi,0,Hardcover,,,,0,397
"These Infinite Threads (This Woven Kingdom, #2)",Tahereh Mafi,3,ebook,"July 23, 2023",read,"YA, fantasy, fiction, romance",1,416
"All In (Full Tilt, #2)",Emma   Scott,0,,,,,0,296
"Full Tilt (Full Tilt, #1)",Emma  Scott,5,ebook,"July 19, 2023",read,"Adult, contemporary, fiction, romance",1,292
"King's Bride (Chronicles of Urn, #1)",Beck Michaels,0,Hardcover,,,,0,417
"Juniper Hill (The Edens, #2)",Devney Perry,0,,,,,0,326
"The Viscount Who Loved Me (Bridgertons, #2)",Julia Quinn,3,ebook,"June 1, 2022",read,"Adult, fiction, historical, romance",1,480
"The Queen's Assassin (The Queen's Secret, #1)",Melissa de la Cruz,3,ebook,"March 9, 2022",read,"YA, fantasy, fiction, romance",1,384
"A Lie for a Lie (All In, #1)",Helena Hunting,3,ebook,"February 21, 2022",read,"Adult, contemporary, romance, sports",1,285
"The Awakening as Told by the Boys (Zodiac Academy, #1.5)",Caroline Peckham,3,ebook,"April 24, 2022",read,"Adult, fantasy, fiction, romance",1,534
"The Reckoning (Zodiac Academy, #3)",Caroline Peckham,4,ebook,"January 29, 2022",read,"Adult, fantasy, fiction, romance",1,561
"Ruthless Fae (Zodiac Academy, #2)",Caroline Peckham,4,ebook,"January 27, 2022",read,"Adult, fantasy, fiction, romance",1,475
Up in the Treehouse,K.K. Allen,1,ebook,"January 14, 2022",read,"Adult, contemporary, romance",1,0
"It Ends with Us (It Ends with Us, #1)",Colleen Hoover,3,ebook,"February 17, 2022",read,"Adult, contemporary, fiction, romance",1,386
"The Ex Hex (The Ex Hex, #1)",Erin Sterling,3,ebook,"March 25, 2022",read,"Adult, contemporary, fantasy, fiction, romance",1,308
Heaven is for Real: A Little Boy's Astounding Story of His Trip to Heaven and Back,Todd Burpo,3,Paperback,,read,"biography, memoir, nonfiction",1,162
"The Beautiful (The Beautiful, #1)",Renée Ahdieh,3,ebook,"October 5, 2021",read,"YA, fantasy, fiction, historical, mystery, romance",1,425
"The Damned (The Beautiful, #2)",Renée Ahdieh,3,ebook,"October 6, 2021",read,"YA, fantasy, fiction, historical, mystery, romance",1,401
"Archenemies (Renegades, #2)",Marissa Meyer,4,ebook,"September 28, 2021",read,"YA, dystopia, fantasy, fiction, romance, science fiction",1,560
"Supernova (Renegades, #3)",Marissa Meyer,4,ebook,"September 29, 2021",read,"YA, dystopia, fantasy, fiction, romance, science fiction",1,549
The Maidens,Alex Michaelides,3,Hardcover,"August 30, 2021",read,"Adult, contemporary, crime, fiction, mystery, thriller",1,337
"Stay with Me (Stay with Me, #1)",Nicole Fiorina,3.5,ebook,"November 23, 2021",read,"Adult, dark, fiction, romance",1,359
"Celestial (Angels of Elysium, #2)",Olivia Wildenstein,4,ebook,"July 31, 2021",read,"Adult, fantasy, fiction, romance",1,528
"Mage Slave (The Enslaved Chronicles, #1)",R.K. Thorne,4,ebook,"July 7, 2021",read,"YA, fantasy, fiction, romance",1,300
Slave (Slave #1),Laura  Frances,4,ebook,"April 7, 2021",read,"YA, dystopia, fantasy, fiction, science fiction",1,323
"Corrupt (Devil's Night, #1)",Penelope Douglas,3,ebook,"August 8, 2021",read,"Adult, contemporary, dark, fiction, romance",1,460
"Harry Potter and the Chamber of Secrets (Harry Potter, #2)",J.K. Rowling,4,ebook,,read,"YA, fantasy, fiction",1,352
"Harry Potter and the Sorcerer's Stone (Harry Potter, #1)",J.K. Rowling,4,ebook,"January 1, 2021",read,"YA, fantasy, fiction",1,309
"Fallen Academy: Year One (Fallen Academy, #1)",Leia Stone,3,ebook,"February 13, 2021",read,"YA, fantasy, romance",1,350
"Of the Blood (Heir of Blood and Fire, #1)",Cameo Renae,3,ebook,"February 12, 2021",read,"Adult, fantasy, romance",1,432
"The Princess Trials (The Princess Trials, #1)",Cordelia K. Castel,1,,"February 6, 2021",dnf,"YA, dystopia, fantasy, fiction, romance, science fiction",1,504
"Cast in Firelight (Wickery, #1)",Dana    Swift,3,ebook,"April 22, 2021",read,"YA, fantasy, fiction, romance",1,433
"King of Scars (King of Scars, #1)",Leigh Bardugo,4,ebook,"December 30, 2020",read,"YA, fantasy, fiction, romance",1,511
"Harry Potter and the Prisoner of Azkaban (Harry Potter, #3)",J.K. Rowling,4,ebook,,read,"YA, fantasy, fiction",1,435
Blink: The Power of Thinking Without Thinking,Malcolm Gladwell,2,ebook,"September 8, 2020",read,"nonfiction, philosophy, self help",1,296
"Sky in the Deep (Sky and Sea, #1)",Adrienne Young,3,ebook,"August 12, 2020",read,"YA, fantasy, fiction, historical, romance",1,340
"Crown of Coral and Pearl (Crown of Coral and Pearl, #1)",Mara Rutherford,3,ebook,"February 10, 2021",read,"YA, fantasy, fiction, romance",1,384
"Riden's Chapter (Daughter of the Pirate King, #1.5)",Tricia Levenseller,4,ebook,"July 26, 2020",read,"YA, fantasy, fiction, romance",1,12
"All the Stars and Teeth (All the Stars and Teeth, #1)",Adalyn  Grace,3,ebook,"July 28, 2020",read,"YA, fantasy, fiction, romance",1,380
"Daughter of the Siren Queen (Daughter of the Pirate King, #2)",Tricia Levenseller,4,ebook,,read,"YA, fantasy, fiction, romance",2,341
"Rhapsodic (The Bargainer, #1)",Laura Thalassa,1,ebook,"April 1, 2021",read,"Adult, fantasy, fiction, romance",1,326
"The Sweetest Betrayal (The Kinder Poison, #3)",Natalie Mae,0,Hardcover,,,,0,394
Final Fantasy XV Prologue Parting Ways,Square Enix,3,ebook,"June 3, 2020",read,"fantasy, fiction",1,48
"Four: A Divergent Story Collection (Divergent, #0.1-0.4)",Veronica Roth,3,Hardcover,,read,"YA, dystopia, fantasy, fiction, romance, science fiction",1,285
"The Kill Order (The Maze Runner, #0.4)",James Dashner,4,Paperback,,read,"YA, dystopia, fantasy, fiction, science fiction",1,327
"The Death Cure (The Maze Runner, #3)",James Dashner,4,Paperback,,read,"YA, dystopia, fantasy, fiction, science fiction",1,325
"The Scorch Trials (The Maze Runner, #2)",James Dashner,4,Paperback,,read,"YA, dystopia, fantasy, fiction, science fiction",1,362
Paper Towns,John Green,2,Paperback,,read,"YA, contemporary, fiction, mystery, romance",1,305
"The Maze Runner (The Maze Runner, #1)",James Dashner,4,Paperback,,read,"YA, dystopia, fantasy, fiction, science fiction",1,384
"The Book of Ivy (The Book of Ivy, #1)",Amy Engel,4,ebook,"August 10, 2021",read,"YA, dystopia, fantasy, fiction, romance, science fiction",1,282
The Great Gatsby,F. Scott Fitzgerald,2,Paperback,,read,"classics, fiction, historical, literary fiction, romance",1,180
Of Mice and Men,John Steinbeck,3,Paperback,,read,"classics, fiction, historical, literary fiction",1,107
"Crazy Rich Asians (Crazy Rich Asians, #1)",Kevin Kwan,3,Paperback,,read,"Adult, contemporary, fiction, romance",1,403
"The Assassin and the Pirate Lord (Throne of Glass, #0.1)",Sarah J. Maas,4,ebook,,read,"YA, fantasy, fiction, romance",1,70
All the Bright Places,Jennifer Niven,3,Paperback,,read,"YA, contemporary, fiction, romance",1,388
"Throne of Glass (Throne of Glass, #1)",Sarah J. Maas,4,ebook,,read,"YA, fantasy, fiction, romance",1,406
"Crown of Midnight (Throne of Glass, #2)",Sarah J. Maas,4,ebook,,read,"YA, fantasy, fiction, romance",1,420
"The Assassin's Blade (Throne of Glass, #0.1-0.5)",Sarah J. Maas,4,ebook,,read,"YA, fantasy, fiction, romance",1,448
"Fairest (The Lunar Chronicles, #3.5)",Marissa Meyer,4,Hardcover,,read,"YA, dystopia, fantasy, fiction, romance, science fiction",1,272
"Illuminae (The Illuminae Files, #1)",Amie Kaufman,4,Hardcover,,read,"YA, dystopia, fantasy, fiction, romance, science fiction, thriller",1,608
"Gemina (The Illuminae Files, #2)",Amie Kaufman,4,Hardcover,,read,"YA, dystopia, fantasy, fiction, romance, science fiction, thriller",1,659
"Red, White & Royal Blue",Casey McQuiston,0,Paperback,,,,0,448
"The Serpent and the Wings of Night (Crowns of Nyaxia, #1)",Carissa Broadbent,4,ebook,"July 13, 2023",read,"Adult, fantasy, fiction, romance",1,504
Trick Me Twice (Alstone High #1),Becca Steele,3,ebook,"July 9, 2023",read,"Adult, contemporary, dark, romance, sports",1,348
"Consider Me (Playing For Keeps, #1)",Becka Mack,2,ebook,"July 7, 2023",read,"Adult, contemporary, fiction, romance, sports",1,462
Law of Attraction,Raeesah Ambarker,0,Paperback,,,,0,0
"Eyes Turned Skyward (Flight & Glory, #2)",Rebecca Yarros,3,ebook,"June 27, 2023",read,"Adult, contemporary, fiction, romance",1,342
Beyond The Story: 10-Year Record of BTS,Myeongseok Kang,0,Hardcover,,,,0,544
"Fireborne (The Aurelian Cycle, #1)",Rosaria Munda,0,Hardcover,,,,0,432
"Brother of the King Consort (QOTD, #2)",Amizah R,0,,,,,0,447
Pack Up the Moon,Kristan Higgins,0,Paperback,,,,0,480
The Museum of Modern Love,Heather     Rose,0,Paperback,,,,0,296
"Fear the Flames (Fear the Flames, #1)",Olivia Rose Darling,0,,,,,0,586
"Indigo Ridge (The Edens, #1)",Devney Perry,3,ebook,"June 14, 2023",read,"Adult, contemporary, mystery, romance",1,340
"Daughter of No Worlds (The War of Lost Hearts, #1)",Carissa Broadbent,3,ebook,"June 12, 2023",read,"Adult, fantasy, fiction, romance",1,520
"Fourth Wing (The Empyrean, #1)",Rebecca Yarros,5,Hardcover,"June 7, 2023","read, ♡","Adult, fantasy, fiction, romance",1,517
I Am Malala: The Story of the Girl Who Stood Up for Education and Was Shot by the Taliban,Malala Yousafzai,3,Audiobook,"September 28, 2025 → October 10, 2025",read,"biography, memoir, nonfiction",1,327
"Crooked Kingdom (Six of Crows, #2)",Leigh Bardugo,5,Hardcover,,"read, ♡","YA, fantasy, fiction, romance",1,561
"Six of Crows (Six of Crows, #1)",Leigh Bardugo,5,Hardcover,,"read, ♡","YA, fantasy, fiction, romance",1,480
"Divergent (Divergent, #1)",Veronica Roth,5,Hardcover,,read,"YA, dystopia, fantasy, fiction, romance, science fiction",1,487
"Air Awakens (Air Awakens, #1)",Elise Kova,5,ebook,"July 2, 2020",read,"YA, fantasy, fiction, romance",1,342
"The Kinder Poison (The Kinder Poison, #1)",Natalie Mae,5,ebook,"July 30, 2020",read,"YA, fantasy, fiction, romance",1,416
Love and Other Words,Christina Lauren,5,ebook,"December 6, 2021","read, ♡","Adult, contemporary, fiction, romance",1,432
"The Fight In Us (The Four, #4)",Becca Steele,4,ebook,"June 3, 2023",read,"Adult, contemporary, dark, romance",1,316
"The Havoc We Wreak (The Four, #3)",Becca Steele,3,ebook,"June 2, 2023",read,"Adult, contemporary, dark, romance",1,306
"Defy the Night (Defy the Night, #1)",Brigid Kemmerer,4,ebook,"May 31, 2023",read,"YA, fantasy, fiction, romance",1,448
"Bad Boys Break Hearts (The Boys, #1)",Micalea Smeltzer,3,ebook,"May 29, 2023",read,"Adult, contemporary, romance, sports",1,436
Everything I Know About Love,Dolly Alderton,0,Hardcover,,,,0,368
I'm Glad My Mom Died,Jennette McCurdy,0,ebook,,,,0,320
Beyond the Wand: The Magic & Mayhem of Growing Up a Wizard,Tom Felton,0,Hardcover,,,,0,288
Tell Me Everything,Minka Kelly,0,Hardcover,,,,0,288
Crying in H Mart,Michelle Zauner,5,Paperback,"May 26, 2023","read, ♡","Adult, biography, contemporary, memoir, nonfiction",1,239
The Half of It: A Memoir,Madison Beer,0,Hardcover,,,,0,176
Eat a Peach,David Chang,0,Hardcover,,,,0,291
The Q,Amy Tintera,3,ebook,"May 24, 2023",read,"YA, dystopia, fantasy, fiction, romance, science fiction",1,352
"Tomorrow, and Tomorrow, and Tomorrow",Gabrielle Zevin,0,Hardcover,,,,0,401
The Darkness in You (The Four #6),Becca Steele,5,ebook,"May 20, 2023","read, ♡","Adult, crime, dark, romance",1,382
"Ruthless Knight (Royal Hearts Academy, #2)",Ashley Jade,3,ebook,"May 19, 2023",read,"Adult, contemporary, dark, romance, sports",1,608
The Discovery of Magic (Elementals Academy #1),Michelle Madow,2,ebook,"May 17, 2023",read,"YA, fantasy, romance",1,306
"The Secrets We Hide (The Four, #2)",Becca Steele,3,ebook,"May 16, 2023",read,"Adult, contemporary, dark, mystery, romance",1,272
"Skyhunter (Skyhunter, #1)",Marie Lu,3,Hardcover,"May 15, 2023",read,"YA, dystopia, fantasy, fiction, romance, science fiction",1,371
"The Lies We Tell (The Four, #1)",Becca Steele,4,ebook,"May 15, 2023",read,"Adult, contemporary, dark, mystery, romance",1,306
Five Survive,Holly  Jackson,0,Hardcover,,,,0,391
"Final Offer (Dreamland Billionaires, #3)",Lauren Asher,3,ebook,"March 1, 2023",read,"Adult, contemporary, fiction, romance",1,583
"Sorrow and Starlight (Zodiac Academy, #8)",Caroline Peckham,0,,,,,1,1242
"Foul Heart Huntsman (Foul Lady Fortune, #2)",Chloe Gong,0,Hardcover,,,,0,560
Waking Olivia,Elizabeth O'Roark,3,ebook,"January 22, 2023",read,"Adult, contemporary, romance, sports",1,378
"Say You Swear (Boys of Avix, #1)",Meagan Brandy,4,ebook,"January 2, 2023",read,"Adult, contemporary, fiction, romance, sports",1,681
"Cruel Prince (Royal Hearts Academy, #1)",Ashley Jade,2,ebook,"December 11, 2022",read,"YA, fantasy, fiction, romance",1,408
"Things We Never Got Over (Knockemout, #1)",Lucy Score,0,Paperback,,,,0,552
"Song of Silver, Flame Like Night (Song of the Last Kingdom, #1)",Amélie Wen Zhao,0,Hardcover,,,,0,480
"The Awakening (Zodiac Academy, #1)",Caroline Peckham,4,ebook,"January 25, 2022",read,"Adult, fantasy, fiction, romance",1,436
"Revved (Revved, #1)",Samantha Towle,2,ebook,"December 5, 2022",read,"Adult, contemporary, romance, sports",1,410
"A Thousand Boy Kisses (A Thousand Boy Kisses, #1)",Tillie Cole,4,ebook,"November 30, 2022",read,"YA, contemporary, fiction, romance",1,316
"Shadow Me (Shatter Me, #4.5)",Tahereh Mafi,4,ebook,"November 27, 2022",read,"YA, dystopia, fantasy, fiction, romance, science fiction",1,69
"Reveal Me (Shatter Me, #5.5)",Tahereh Mafi,3,ebook,"March 17, 2022",read,"YA, dystopia, fantasy, fiction, romance, science fiction",1,112
By a Thread,Lucy Score,3,ebook,"November 25, 2022",read,"Adult, contemporary, fiction, romance",1,584
Still Beating,Jennifer Hartmann,1,ebook,"November 20, 2022",read,"Adult, contemporary, dark, romance, thriller",1,314
Winning Ugly: Mental Warfare in Tennis--Lessons from a Master,Brad Gilbert,3,Paperback,"September 11, 2022",dnf,"biography, nonfiction, self help, sports",1,224
Hothouse Flower (Calloway Sisters #2),Krista Ritchie,4,ebook,,read,"Adult, contemporary, fiction, romance",1,479
"Immortal Longings (Flesh and False Gods, #1)",Chloe Gong,0,Hardcover,,,,0,372
"Kingdom of the Feared (Kingdom of the Wicked, #3)",Kerri Maniscalco,4,ebook,"October 14, 2022",read,"Adult, fantasy, romance",1,417
"Princess of Souls (Hundred Kingdoms, #2)",Alexandra Christo,0,,,,,0,352
Before We Were Strangers,Renee Carlino,0,Paperback,,,,0,310
"The Naturals (The Naturals, #1)",Jennifer Lynn Barnes,0,Hardcover,,,,0,308
"Incendiary (Hollow Crown, #1)",Zoraida Córdova,3,Hardcover,"September 9, 2022",read,"YA, fantasy, fiction, historical, romance",1,450
"A ​Sky Beyond the Storm (An Ember in the Ashes, #4)",Sabaa Tahir,5,ebook,"December 8, 2020",read,"YA, dystopia, fantasy, fiction, romance",1,516
"Serpent & Dove (Serpent & Dove, #1)",Shelby Mahurin,5,ebook,"June 3, 2020","read, ♡","YA, fantasy, fiction, romance",1,513
"To Kill a Kingdom (Hundred Kingdoms, #1)",Alexandra Christo,4,Hardcover,"July 22, 2020",read,"YA, fantasy, fiction, romance",1,344
"Furyborn (Empirium, #1)",Claire Legrand,5,Paperback,"August 6, 2020","read, ♡","Adult, YA, fantasy, fiction, romance",1,501
"These Violent Delights (These Violent Delights, #1)",Chloe Gong,5,ebook,"January 28, 2021","read, ♡","YA, fantasy, fiction, historical, mystery, romance",1,449
"A Kingdom of Flesh and Fire (Blood and Ash, #2)",Jennifer L. Armentrout,5,ebook,"September 5, 2020","read, ♡","Adult, fantasy, fiction, romance",1,637
"The Cruelest Mercy (The Kinder Poison, #2)",Natalie Mae,5,ebook,"September 13, 2021","read, ♡","YA, fantasy, fiction, romance",1,384
"Kingsbane (Empirium, #2)",Claire Legrand,5,ebook,"August 18, 2020","read, ♡","Adult, YA, fantasy, fiction, romance",1,608
"Lightbringer (Empirium, #3)",Claire Legrand,5,ebook,"October 18, 2020","read, ♡","Adult, YA, fantasy, fiction, romance",1,592
"Our Violent Ends (These Violent Delights, #2)",Chloe Gong,5,ebook,"November 18, 2021","read, ♡","YA, fantasy, fiction, historical, romance",1,494
"Kingdom of the Cursed (Kingdom of the Wicked, #2)",Kerri Maniscalco,5,ebook,"October 8, 2021","read, ♡","Adult, fantasy, romance",1,437
"Feather (Angels of Elysium, #1)",Olivia Wildenstein,5,ebook,"July 29, 2021",read,"Adult, fantasy, romance",1,486
"Starlight (Angels of Elysium, #3)",Olivia Wildenstein,5,ebook,"January 10, 2022","read, ♡","Adult, fantasy, romance",1,534
"Kill Switch (Devil's Night, #3)",Penelope Douglas,4,ebook,"September 17, 2021","read, ♡","Adult, contemporary, dark, romance",1,668
"The Mistake (Off-Campus, #2)",Elle Kennedy,4,ebook,"August 25, 2021",read,"Adult, contemporary, fiction, romance, sports",2,296
"Redeemed (Dirty Air, #4)",Lauren Asher,5,ebook,"September 8, 2021",read,"Adult, contemporary, fiction, romance, sports",1,423
"Throttled (Dirty Air, #1)",Lauren Asher,5,ebook,"September 2, 2021","read, ♡","Adult, contemporary, fiction, romance, sports",1,355
"Wrecked (Dirty Air, #3)",Lauren Asher,5,ebook,"September 6, 2021",read,"Adult, contemporary, fiction, romance, sports",1,584
"Collided (Dirty Air, #2)",Lauren Asher,5,ebook,"August 29, 2021","read, ♡","Adult, contemporary, fiction, romance, sports",1,560
From Lukov with Love,Mariana Zapata,5,ebook,"January 20, 2022","read, ♡","Adult, contemporary, fiction, romance, sports",1,493
"Shadow Princess (Zodiac Academy, #4)",Caroline Peckham,5,ebook,"December 31, 2021",read,"Adult, fantasy, romance",1,724
"Fated Throne (Zodiac Academy, #6)",Caroline Peckham,5,ebook,"February 6, 2022",read,"Adult, fantasy, romance",1,823
"Cursed Fates (Zodiac Academy, #5)",Caroline Peckham,5,ebook,"February 4, 2022",read,"Adult, fantasy, romance",1,886
"Twisted Hate (Twisted, #3)",Ana Huang,4,ebook,"February 25, 2022","read, ♡","Adult, contemporary, dark, fiction, romance",1,522
"The Spanish Love Deception (Love Deception, #1)",Elena  Armas,5,Paperback,,read,"Adult, contemporary, romance",1,448
"A Reaper at the Gates (An Ember in the Ashes, #3)",Sabaa Tahir,5,ebook,"July 9, 2019","read, ♡","YA, dystopia, fantasy, fiction, romance",2,458
"Hideaway (Devil's Night, #2)",Penelope Douglas,5,ebook,"January 1, 2021","read, ♡","Adult, contemporary, dark, romance",1,466
"A Torch Against the Night (An Ember in the Ashes, #2)",Sabaa Tahir,5,ebook,"June 23, 2019","read, ♡","YA, dystopia, fantasy, fiction, romance",1,452
"Ignite Me (Shatter Me, #3)",Tahereh Mafi,5,ebook,"June 21, 2020","read, ♡","YA, dystopia, fantasy, fiction, romance",1,408
"An Ember in the Ashes (An Ember in the Ashes, #1)",Sabaa Tahir,5,ebook,"June 16, 2019","read, ♡","YA, dystopia, fantasy, fiction, romance",1,446
"The Young Elites (The Young Elites, #1)",Marie Lu,5,Hardcover,,"read, ♡","YA, dystopia, fantasy, fiction, romance, science fiction",1,355
"Champion (Legend, #3)",Marie Lu,5,Paperback,,"read, ♡","YA, dystopia, fantasy, fiction, romance, science fiction",1,369
"Prodigy (Legend, #2)",Marie Lu,5,Paperback,,"read, ♡","YA, dystopia, fantasy, fiction, romance, science fiction",1,371
"Legend (Legend, #1)",Marie Lu,5,Paperback,,"read, ♡","YA, dystopia, fantasy, fiction, romance, science fiction",1,305
"Kiss the Sky (Calloway Sisters, #1)",Krista Ritchie,5,ebook,"May 2, 2022","read, ♡","Adult, contemporary, fiction, romance",1,443
"Nightfall (Devil's Night, #4)",Penelope Douglas,5,ebook,"September 22, 2021","read, ♡","Adult, contemporary, dark, romance",1,752
"Heart of the Sun Warrior (The Celestial Kingdom, #2)",Sue Lynn Tan,0,Hardcover,,,,0,466
"The Keeper of Night (The Keeper of Night, #1)",Kylie Lee Baker,0,Paperback,,,,0,384
Darling Venom,Parker S. Huntington,4,ebook,"September 2, 2022",read,"Adult, contemporary, dark, romance",1,712
"Gilded (Gilded, #1)",Marissa Meyer,3,ebook,"September 2, 2022",read,"YA, fantasy, fiction, romance",1,502
"A Court of Mist and Fury (A Court of Thorns and Roses, #2)",Sarah J. Maas,4,Audiobook,"August 27, 2022",read,"Adult, YA, fantasy, fiction, romance",1,626
"Through My Window (Hidalgos, #1)",Ariana Godoy,3,ebook,"August 25, 2022",read,"Adult, YA, contemporary, fiction, romance",1,464
The Girl Who Fell Beneath the Sea,Axie Oh,4,ebook,"August 19, 2022",read,"YA, fantasy, fiction, historical, romance",1,325
"Secretly Yours (A Vine Mess, #1)",Tessa Bailey,0,Paperback,,,,0,384
Carrie Soto Is Back,Taylor Jenkins Reid,0,Hardcover,,,,0,384
Archer's Voice,Mia Sheridan,0,ebook,,,,0,377
"The Simple Wild (Wild, #1)",K.A. Tucker,0,Paperback,,,,0,390
The Summer of Broken Rules,K.L. Walther,0,Paperback,,,,0,359
One for My Enemy,Olivie Blake,0,,,,,0,427
Masters of Death,Olivie Blake,0,,,,,0,349
"Last Violent Call (Secret Shanghai, #3.5)",Chloe Gong,0,Hardcover,,,,0,240
"A Court of Thorns and Roses (A Court of Thorns and Roses, #1)",Sarah J. Maas,3,Audiobook,"July 21, 2022",read,"Adult, YA, fantasy, fiction, romance",1,419
From the Mouths of Sirens (Myths of Revelore #1),Abigail Hair,0,Hardcover,,,,0,300
Every Summer After,Carley Fortune,0,Paperback,,,,0,320
A Legend of Golden Shadows,Victoria Vredevoogd,0,,,,,0,412
Counting Down with You,Tashie Bhuiyan,3,ebook,"July 19, 2022",read,"YA, contemporary, fiction, romance",1,464
The Things We Leave Unfinished,Rebecca Yarros,0,Paperback,,,,0,400
Beach Read,Emily Henry,3,ebook,"July 16, 2022",read,"Adult, contemporary, fiction, romance",1,400
"The Liar's Crown (Dominions, #1)",Abigail Owen,0,Hardcover,,,,0,448
"Hunting Prince Dracula (Stalking Jack the Ripper, #2)",Kerri Maniscalco,3,ebook,"July 12, 2022",read,"YA, fantasy, fiction, historical, mystery, romance, thriller",1,448
"Magnolia Parks (Magnolia Parks Universe, #1)",Jessa Hastings,0,,,,,0,423
"Twisted Games (Twisted, #2)",Ana Huang,3,ebook,"July 2, 2022",read,"Adult, contemporary, dark, fiction, romance",1,456
"It's Not Summer Without You (Summer, #2)",Jenny Han,3,ebook,"June 26, 2022",read,"YA, contemporary, fiction, romance",1,275
"The Prison Healer (The Prison Healer, #1)",Lynette Noni,3,ebook,"June 19, 2022",read,"YA, fantasy, fiction, romance",1,416
"Stalking Jack the Ripper (Stalking Jack the Ripper, #1)",Kerri Maniscalco,3,ebook,"June 15, 2022",read,"YA, fantasy, fiction, historical, mystery, romance, thriller",1,337
"City of Fallen Angels (The Mortal Instruments, #4)",Cassandra Clare,3,ebook,"June 13, 2022",read,"YA, fantasy, fiction, romance",1,425
"City of Glass (The Mortal Instruments, #3)",Cassandra Clare,4,ebook,"June 9, 2022",read,"YA, fantasy, fiction, romance",1,541
"A Million Kisses in Your Lifetime (Lancaster Prep, #2)",Monica  Murphy,0,Paperback,,,,0,552
"How the King of Elfhame Learned to Hate Stories (The Folk of the Air, #3.5)",Holly Black,3,ebook,"December 12, 2020",read,"YA, fantasy, fiction, romance",1,200
"Lady Midnight (The Dark Artifices, #1)",Cassandra Clare,0,Hardcover,,,,0,688
"City of Ashes (The Mortal Instruments, #2)",Cassandra Clare,4,ebook,"June 5, 2022",read,"YA, fantasy, fiction, romance",1,453
"City of Bones (The Mortal Instruments, #1)",Cassandra Clare,4,ebook,"June 3, 2022",read,"YA, fantasy, fiction, romance",1,485
"The Viscount Who Loved Me: The 2nd Epilogue (Bridgertons, #2.5)",Julia Quinn,4,ebook,"June 1, 2022",read,"Adult, fiction, historical, romance",1,34
Empress of All Seasons,Emiko Jean,3,Audiobook,"May 29, 2022",read,"YA, fantasy, fiction, romance",1,384
The Ones We Burn,Rebecca Mix,0,Hardcover,,,,0,480
Josh and Hazel's Guide to Not Dating,Christina Lauren,3,ebook,"May 24, 2022",read,"Adult, contemporary, fiction, romance",1,309
"Ninth House (Alex Stern, #1)",Leigh Bardugo,2,ebook,"May 18, 2022",read,"Adult, contemporary, fantasy, fiction, mystery",1,461
"League of Liars (The League of Liars, #1)",Astrid Scholte,2,ebook,"May 21, 2022",read,"YA, fantasy, fiction, mystery, romance, thriller",1,438
Book Lovers,Emily Henry,0,Hardcover,,,,0,377
Something Wilder,Christina Lauren,0,Hardcover,,,,0,384
Daisy Jones & The Six,Taylor Jenkins Reid,0,Hardcover,,,,0,368
"Strike the Zither (Kingdom of Three, #1)",Joan He,0,Hardcover,,,,0,368
The Red Palace,June Hur,4,Audiobook,"May 9, 2022",read,"YA, fantasy, fiction, historical, mystery, romance, thriller",1,321
The Siren,Kiera Cass,2,ebook,,read,"YA, contemporary, fantasy, fiction, romance",1,276
You've Reached Sam,Dustin Thao,3,ebook,"May 8, 2022",read,"YA, contemporary, fantasy, fiction, romance",1,296
"Daughter of the Drowned Empire (Drowned Empire, #1)",Frankie Diane Mallis,0,ebook,,,,0,454
"It Happened One Summer (Bellinger Sisters, #1)",Tessa Bailey,0,Paperback,,,,0,397
"Hothouse Flower (Calloway Sisters, #2)",Krista Ritchie,3,ebook,"May 6, 2022",read,"Adult, contemporary, fiction, romance",1,479
"The Burning God (The Poppy War, #3)",R.F. Kuang,4,Audiobook,"May 2, 2022",read,"Adult, fantasy, fiction, historical",1,622
"Long Way Down (Calloway Sisters, #4)",Krista Ritchie,0,,,,,0,641
"Fuel the Fire (Calloway Sisters, #3)",Krista Ritchie,0,,,,,0,558
"The Drowning Faith (The Poppy War, #2.5)",R.F. Kuang,5,ebook,"April 24, 2022",read,"Adult, fantasy, fiction, historical",1,15
"Falling Away (Fall Away, #4)",Penelope Douglas,3,ebook,"April 23, 2022",read,"Adult, contemporary, dark, fiction, romance",1,429
"The Poppy War (The Poppy War, #1)",R.F. Kuang,4,Audiobook,"April 11, 2022",read,"Adult, fantasy, fiction, historical",1,545
"Falls Boys (Hellbent, #1)",Penelope Douglas,0,,,,,0,501
"Shadow and Bone (The Shadow and Bone Trilogy, #1)",Leigh Bardugo,3,Paperback,"July 27, 2020",read,"YA, fantasy, fiction, science fiction",1,358
"Addicted to You (Addicted, #1)",Krista Ritchie,2,ebook,"April 6, 2022",read,"Adult, contemporary, fiction, romance",1,335
"Loveboat, Taipei (Loveboat, Taipei, #1)",Abigail Hing Wen,3,ebook,"September 16, 2021",read,"YA, contemporary, fiction, romance",1,432
"Loveboat Reunion (Loveboat, Taipei, #2)",Abigail Hing Wen,3,ebook,"April 4, 2022",read,"YA, contemporary, fiction, romance",1,400
"The Summer I Turned Pretty (Summer, #1)",Jenny Han,3,ebook,"April 2, 2022",read,"YA, contemporary, fiction, romance",1,276
"Paper Princess (The Royals, #1)",Erin Watt,4,ebook,"May 8, 2020",read,"Adult, contemporary, fiction, romance",1,370
"A Magic Steeped in Poison (The Book of Tea, #1)",Judy I. Lin,0,Hardcover,,,,0,374
"Rebel of the Sands (Rebel of the Sands, #1)",Alwyn Hamilton,3,ebook,"March 29, 2022",read,"YA, fantasy, fiction, romance",1,314
"Believe Me (Shatter Me, #6.5)",Tahereh Mafi,4,ebook,"March 23, 2022",read,"YA, dystopia, fantasy, fiction, romance, science fiction",1,177
"Skin of the Sea (Skin of the Sea, #1)",Natasha Bowen,3,ebook,"March 23, 2022",read,"YA, fantasy, fiction, historical, romance",1,336
"Imagine Me (Shatter Me, #6)",Tahereh Mafi,4,ebook,"March 20, 2022",read,"YA, dystopia, fantasy, fiction, romance, science fiction",1,450
"Jade City (The Green Bone Saga, #1)",Fonda Lee,0,Paperback,,,,0,540
"Lady of Darkness (Lady of Darkness, #1)",Melissa K. Roehrich,0,Paperback,,,,0,458
Gothikana,RuNyx,0,,,,,0,456
"Defy Me (Shatter Me, #5)",Tahereh Mafi,5,ebook,"March 17, 2022",read,"YA, dystopia, fantasy, fiction, romance, science fiction",1,357
Ace of Spades,Faridah Àbíké-Íyímídé,3,ebook,"March 17, 2022",read,"YA, contemporary, fiction, mystery, thriller",1,422
"Restore Me (Shatter Me, #4)",Tahereh Mafi,4,ebook,"March 16, 2022",read,"YA, dystopia, fantasy, fiction, romance, science fiction",1,448
"King of Battle and Blood (Adrian x Isolde, #1)",Scarlett St.  Clair,3,ebook,"March 15, 2022",read,"Adult, fantasy, fiction, romance",1,391
"Paint It All Red (Mindf*ck, #5)",S.T. Abby,4,ebook,"March 14, 2022",read,"Adult, contemporary, crime, dark, fiction, mystery, romance, thriller",1,177
"All the Lies (Mindf*ck, #4)",S.T. Abby,4,ebook,"March 13, 2022",read,"Adult, contemporary, crime, dark, fiction, mystery, romance, thriller",1,141
"Scarlet Angel (Mindf*ck, #3)",S.T. Abby,4,ebook,"March 13, 2022",read,"Adult, contemporary, crime, dark, fiction, mystery, romance, thriller",1,139
"Sidetracked (Mindf*ck, #2)",S.T. Abby,4,ebook,"March 13, 2022",read,"Adult, contemporary, crime, dark, fiction, mystery, romance, thriller",1,115
"The Risk (Mindf*ck, #1)",S.T. Abby,4,ebook,"March 12, 2022",read,"Adult, contemporary, crime, dark, fiction, mystery, romance, thriller",1,132
"Sorcery of Thorns (Sorcery of Thorns, #1)",Margaret  Rogerson,3,ebook,"March 11, 2022",read,"YA, fantasy, fiction, romance",1,456
"Dating Dr. Dil (If Shakespeare Was an Auntie, #1)",Nisha Sharma,0,Paperback,,,,0,364
An Enchantment of Ravens,Margaret  Rogerson,3,ebook,"September 14, 2021",read,"YA, fantasy, fiction, romance",1,304
"The Dragon's Promise (Six Crimson Cranes, #2)",Elizabeth Lim,0,Hardcover,,,,0,482
"The Raven Boys (The Raven Cycle, #1)",Maggie Stiefvater,2,ebook,"March 5, 2022",read,"YA, fantasy, fiction, romance",1,409
"Fracture Me (Shatter Me, #2.5)",Tahereh Mafi,3,ebook,"June 20, 2020",read,"YA, dystopia, fantasy, fiction, romance, science fiction",1,72
"The Fine Print (Dreamland Billionaires, #1)",Lauren Asher,4,ebook,"February 28, 2022",read,"Adult, contemporary, fiction, romance",1,450
"The Scarlet Veil (The Scarlet Veil, #1)",Shelby Mahurin,0,Hardcover,,,,0,640
"Once Upon a Broken Heart (Once Upon a Broken Heart, #1)",Stephanie Garber,3,ebook,"February 25, 2022",read,"YA, fantasy, fiction, romance",1,408
"Twisted Love (Twisted, #1)",Ana Huang,3,ebook,"February 23, 2022",read,"Adult, contemporary, dark, fiction, romance",1,360
Dear Enemy,Kristen Callihan,2,ebook,"February 20, 2022",read,"Adult, contemporary, fiction, romance",1,393
"The Hawthorne Legacy (The Inheritance Games, #2)",Jennifer Lynn Barnes,4,ebook,"February 19, 2022",read,"YA, contemporary, fantasy, fiction, mystery, romance, thriller",1,359
"The Final Gambit (The Inheritance Games, #3)",Jennifer Lynn Barnes,0,,,,,0,400
"If He Had Been With Me (If He Had Been with Me, #1)",Laura Nowlin,0,Paperback,,,,0,336
Emergency Contact,Mary H.K. Choi,3,ebook,"September 15, 2021",read,"YA, contemporary, fiction, romance",1,394
All the Shattered Pieces,B. Celeste,2,ebook,"December 18, 2021",read,"YA, contemporary, romance",1,89
Steel Crow Saga,Paul   Krueger,0,Hardcover,,,,0,517
"What Lies Beyond the Veil (Of Flesh & Bone, #1)",Harper L. Woods,0,,,,,0,419
"Gods & Monsters (Serpent & Dove, #3)",Shelby Mahurin,3,ebook,"February 16, 2022",read,"YA, fantasy, fiction, romance",1,624
"Onyx and Ivory (Rime Chronicles, #1)",Mindee Arnett,3,ebook,"February 14, 2022",read,"YA, fantasy, fiction, romance",1,15
"The Inheritance Games (The Inheritance Games, #1)",Jennifer Lynn Barnes,3,Hardcover,"February 12, 2022",read,"YA, contemporary, fantasy, fiction, mystery, romance, thriller",1,386
"Taming Demons for Beginners (The Guild Codex: Demonized, #1)",Annette Marie,0,Paperback,,,,0,315
"Heartless Sky (Zodiac Academy, #7)",Caroline Peckham,5,ebook,"February 11, 2022",read,"Adult, fantasy, fiction, romance",1,716
"City of Thorns (The Demon Queen Trials, #1)",C.N. Crawford,0,Paperback,,,,0,306
"Ruckus (Sinners of Saint, #2)",L.J. Shen,3,ebook,"January 22, 2022",read,"Adult, contemporary, dark, fiction, romance",1,369
"Even When I'm Gone (Stay with Me, #2)",Nicole Fiorina,0,,,,,0,360
"Bright Side (Bright Side, #1)",Kim Holden,0,Paperback,,,,0,423
"Broken Bonds (The Bonds that Tie, #1)",J. Bree,0,,,,,0,289
"Gods & Monsters (Gods & Monsters, #1)",Janie Marie,0,,,,,0,378
An Arrow to the Moon,Emily X.R. Pan,0,Hardcover,,,,0,400
Under Locke,Mariana Zapata,0,,,,,0,497
"Untitled (Six of Crows, #3)",Leigh Bardugo,0,,,,,0,0
"Clockwork Angel (The Infernal Devices, #1)",Cassandra Clare,0,Hardcover,,,,0,479
"The Unhoneymooners (Unhoneymooners, #1)",Christina Lauren,4,ebook,"July 5, 2021",read,"Adult, contemporary, fiction, romance",1,432
"The Goal (Off-Campus, #4)",Elle Kennedy,3,ebook,"December 31, 2021",read,"Adult, contemporary, fiction, romance, sports",1,350
"The Cheat Sheet (The Cheat Sheet, #1)",Sarah       Adams,0,,,,,0,306
Year of the Reaper,Makiia Lucier,0,Hardcover,,,,0,324
"Pawn (Night of the Dark Fae, #1)",Angela J. Ford,0,,,,,0,304
All My Rage,Sabaa Tahir,0,Hardcover,,,,0,376
Skin of the Night (The Night #1),C.K. Bennett,0,,,,,0,480
"Daughter of the Moon Goddess (The Celestial Kingdom, #1)",Sue Lynn Tan,0,Hardcover,,,,0,503
Underneath the Sycamore Tree,B. Celeste,4,ebook,"December 17, 2021",read,"Adult, contemporary, fiction, romance",1,414
"The Chase (Briar U, #1)",Elle Kennedy,2,ebook,"December 14, 2021",read,"Adult, contemporary, fiction, romance, sports",1,368
"And I Darken (The Conqueror's Saga, #1)",Kiersten White,0,Hardcover,,,,0,475
"Gild (The Plated Prisoner, #1)",Raven Kennedy,0,,,,,0,402
"Journeys (The Archers of Saint Sebastian, #1)",Jeanne Roland,0,Paperback,,,,0,644
Alone With You in the Ether,Olivie Blake,0,,,,,0,248
"Bloodmarked (The Legendborn Cycle, #2)",Tracy Deonn,0,Hardcover,,,,0,576
The Gates of Gabriel (Guardian Gates Trilogy Book 1),Marie-France Teresa Leger,0,,,,,0,249
This Is How You Lose the Time War,Amal El-Mohtar,0,,,,,0,209
"All of Us Villains (All of Us Villains, #1)",Amanda Foody,0,Hardcover,,,,0,400
"The Bone Witch (The Osseous Chronicles, #1)",Ivy Asher,0,,,,,0,292
"Game. Set. Match. (Outer Banks Tennis Academy, #1)",Jennifer Iacopelli,0,,,,,0,242
Luna and the Lie,Mariana Zapata,0,ebook,,,,0,580
Into the Dark,Dana Isaly,0,,,,,0,225
"Poison Princess (The Arcana Chronicles, #1)",Kresley Cole,0,Paperback,,,,0,369
All Rhodes Lead Here,Mariana Zapata,0,,,,,0,572
The Wall of Winnipeg and Me,Mariana Zapata,4,ebook,"October 29, 2021",read,"Adult, contemporary, romance, sports",1,475
Punk 57,Penelope Douglas,3,ebook,"July 8, 2021",read,"Adult, contemporary, fiction, romance",1,343
Over the Falls (Ryder Bay #1),Jordan Ford,2,ebook,"October 23, 2021",read,"YA, contemporary, fiction, romance, sports",1,406
Luck of the Titanic,Stacey  Lee,3,ebook,"October 10, 2021",read,"YA, contemporary, fiction, historical, romance",1,368
"Hideaway (Devil's Night, #2)",Penelope Douglas,5,ebook,"August 20, 2021",read,"Adult, contemporary, dark, fiction, romance",1,542
"I Need You To Hate Me (I Need You, #1)",Genicious,1,ebook,"October 4, 2021",read,"Adult, contemporary, dark, fiction, romance, sports",1,354
"All These Monsters (Monsters, #1)",Amy Tintera,2,ebook,"September 30, 2021",read,"YA, dystopia, fantasy, fiction, romance, science fiction, thriller",1,464
"A Song of Wraiths and Ruin (A Song of Wraiths and Ruin, #1)",Roseanne A. Brown,3,ebook,"October 3, 2021",read,"YA, fantasy, fiction, romance",1,466
The Hating Game,Sally  Thorne,3,ebook,"February 20, 2021",read,"Adult, contemporary, fiction, romance",1,387
"Fire Night (Devil's Night, #4.5)",Penelope Douglas,3,ebook,"October 2, 2021",read,"Adult, contemporary, dark, fiction, romance",1,118
"Vicious (Villains, #1)",Victoria E. Schwab,0,,,,,0,402
"A Vow of Hate (A Vow of Hate, #1)",Lylah James,0,,,,,0,434
"Conclave (Devil's Night, #3.5)",Penelope Douglas,3,ebook,"September 30, 2021",read,"Adult, contemporary, dark, fiction, romance",1,114
"Renegades (Renegades, #1)",Marissa Meyer,5,ebook,"September 27, 2021",read,"YA, dystopia, fantasy, fiction, romance, science fiction",1,552
"The Last Namsara (Iskari, #1)",Kristen Ciccarelli,3,ebook,"September 25, 2021",read,"YA, fantasy, fiction, romance",1,421
Romanov,Nadine Brandes,3,ebook,"September 22, 2021",read,"YA, fantasy, fiction, historical, romance",1,337
"The Infinity Courts (The Infinity Courts, #1)",Akemi Dawn Bowman,3,Audiobook,"September 18, 2021",read,"YA, contemporary, dystopia, fantasy, fiction, romance, science fiction",1,465
Together We Burn,Isabel Ibañez,0,Hardcover,,,,0,354
Elektra,Jennifer Saint,0,Hardcover,,,,0,341
"Wicked Saints (Something Dark and Holy, #1)",Emily A. Duncan,3,Hardcover,"October 18, 2020",read,"YA, fantasy, fiction, gothic, romance",1,385
"King of Scars (King of Scars, #1)",Leigh Bardugo,4,ebook,"January 1, 2021",read,"YA, fantasy, fiction, romance",1,514
The Ghostwriter,A.R. Torre,0,Paperback,,,,0,321
"The Fallen (Hades Castle Trilogy, #1)",C.N. Crawford,2,ebook,"September 11, 2021",read,"YA, fantasy, fiction, romance",1,310
"Hunted by the Sky (The Wrath of Ambar, #1)",Tanaz Bhathena,3,ebook,"September 10, 2021",read,"YA, fantasy, fiction, romance",1,384
"A Deadly Education (The Scholomance, #1)",Naomi Novik,0,Hardcover,,,,0,320
The Theft of Sunlight (Dauntless Path #2),Intisar Khanani,0,Hardcover,,,,0,528
"The Deal (Off-Campus, #1)",Elle Kennedy,3,ebook,"August 22, 2021",read,"Adult, contemporary, fiction, romance",1,342
Straight On 'Til Morning,K.J. Sutton,0,,,,,0,393
"Beneath Black Sails (Beneath Black Sails, #1)",Clare Sager,0,,,,,0,402
The Shadows of Heaven: (Book 1 in the Trials of Fate series),KaliVictoria,0,,,,,0,354
"A Fate of Wrath & Flame (Fate & Flame, #1)",K.A. Tucker,0,,,,,0,547
"The Alchemists of Loom (Loom Saga, #1)",Elise Kova,0,Hardcover,,,,0,395
"To Bleed a Crystal Bloom (Crystal Bloom, #1)",Sarah A. Parker,0,,,,,0,488
The Kite Runner,Khaled Hosseini,0,Paperback,,,,0,371
"The Diabolic (The Diabolic, #1)",S.J. Kincaid,0,,,,,0,416
Kokoro,Natsume Sōseki,0,Paperback,,,,0,256
"A Court of Honey and Ash (Honey and Ice, #1)",Shannon Mayer,0,,,,,0,420
"The Unbecoming of Mara Dyer (Mara Dyer, #1)",Michelle Hodkin,0,,,,,0,456
"Nyxia (The Nyxia Triad, #1)",Scott Reintgen,0,,,,,0,384
"Ascension (Phobos, #1)",Victor Dixen,0,Paperback,,,,0,496
"The Revolution of Ivy (The Book of Ivy, #2)",Amy Engel,3,ebook,"August 11, 2021",read,"YA, dystopia, fantasy, fiction, romance, science fiction",1,290
"The Other Side of the Sky (The Other Side of the Sky, #1)",Amie Kaufman,0,,,,,0,432
"Hush, Hush (Hush, Hush, #1)",Becca Fitzpatrick,0,Hardcover,,,,0,391
The Lies We Tell,Katie Zhao,0,Hardcover,,,,0,352
"Echoes and Empires (Echoes and Empires, #1)",Morgan Rhodes,0,Hardcover,,,,0,400
"The Pirate's Wish (The Assassin's Curse, #2)",Cassandra Rose Clarke,3,ebook,"July 25, 2021",read,"YA, fantasy, fiction, romance",1,330
"The Assassin's Curse (The Assassin's Curse, #1)",Cassandra Rose Clarke,3,ebook,"July 24, 2021",read,"YA, fantasy, fiction, romance",1,298
"The Spanish Love Deception (Love Deception, #1)",Elena  Armas,4,Paperback,"July 21, 2021",read,"Adult, contemporary, fiction, romance",1,487
"On These Black Sands (Aisling Sea, #1)",Vanessa Rasanen,0,Paperback,,,,0,436
"Song of the Forever Rains (Mousai, #1)",E.J. Mellow,0,,,,,0,423
The Invisible Life of Addie LaRue,Victoria E. Schwab,3,ebook,"July 10, 2021",read,"Adult, contemporary, fantasy, fiction, historical, romance",1,448
"Paladin (Paladin, #1)",Sally Slater,0,,,,,0,341
The Scorpio Races,Maggie Stiefvater,0,Hardcover,,,,0,409
"Spellbreaker (Spellbreaker Duology, #1)",Charlie N. Holmberg,3,ebook,"July 6, 2021",read,"YA, fantasy, fiction, historical, mystery, romance",1,305
"Everless (Everless, #1)",Sara  Holland,0,Hardcover,,,,0,362
Descendant of the Crane,Joan He,0,Hardcover,,,,0,416
"The Boy with Fire (The Ravence Trilogy, #1)",Aparna Verma,0,Paperback,,,,0,436
"Angelfall (Penryn & the End of Days, #1)",Susan Ee,4,ebook,"July 1, 2021",read,"YA, dystopia, fantasy, fiction, romance",1,288
"Reign the Earth (The Elementae, #1)",A.C. Gaughen,0,Hardcover,,,,0,438
"Mistborn: The Final Empire (Mistborn, #1)",Brandon Sanderson,0,Hardcover,,,,0,541
"This Savage Song (Monsters of Verity, #1)",Victoria E. Schwab,0,,,,,0,469
Once upon a Silent Song: A Little Mermaid Retelling (Once upon a Story),A.R. Summers,0,,,,,0,134
"Ember of Night (Ember of Night, #1)",Molly E. Lee,0,Hardcover,,,,0,400
"The Tiger at Midnight (The Tiger at Midnight Trilogy, #1)",Swati Teerdhala,0,Hardcover,,,,0,487
"These Hollow Vows (These Hollow Vows, #1)",Lexi Ryan,0,,,,,0,448
"We Free the Stars (Sands of Arawiya, #2)",Hafsah Faizal,4,ebook,"May 1, 2021",read,"YA, fantasy, fiction, romance",1,592
"Song of the Current (Song of the Current, #1)",Sarah Tolcser,0,Hardcover,,,,0,373
"Iron Widow (Iron Widow, #1)",Xiran Jay Zhao,0,Hardcover,,,,0,394
"Kingdom of the Wicked (Kingdom of the Wicked, #1)",Kerri Maniscalco,4,ebook,"March 28, 2021",read,"YA, fantasy, fiction, mystery, romance",1,372
"Blood Like Magic (Blood Like Magic, #1)",Liselle Sambury,0,Hardcover,,,,0,496
"Rise of the Red Hand (The Mechanists, #1)",Olivia Chadha,0,,,,,0,0
The Girl from Shadow Springs,Ellie Cypher,0,Hardcover,,,,0,320
Manacled,SenLinYu,5,ebook,"July 19, 2025 → August 10, 2025",read,"dark, fantasy, fiction, romance",2,925
"The Scarlet Alchemist (The Scarlet Alchemist, #1)",Kylie Lee Baker,3,ebook,"January 12, 2025 → January 20, 2025",read,"YA, fantasy, fiction, historical, romance",1,432
A Thousand Splendid Suns,Khaled Hosseini,0,,,,,0,372
"Quicksilver (Fae & Alchemy, #1)",Callie Hart,3,ebook,"January 27, 2025 → February 2, 2025",read,"Adult, fantasy, fiction, romance",1,624
Alchemy of Secrets,Stephanie Garber,0,,,,,0,352
Alchemised,SenLinYu,5,Hardcover,"October 1, 2025 → November 2, 2025","read, ♡","Adult, dark, fantasy, fiction, romance",1,1040
"The Sentinel Mage (The Cursed Kingdoms, #1)",Emily Gee,2,ebook,"April 10, 2021",read,"YA, fantasy, fiction, romance",1,509
Jade Fire Gold,June C.L. Tan,0,Hardcover,,,,0,464
"Lakesedge (World at the Lake's Edge, #1)",Lyndall Clipstone,0,Hardcover,,,,0,384
"The Keeper of Night (The Keeper of Night, #1)",Kylie Lee Baker,0,Hardcover,,,,0,393
A Dragonbird in the Fern,Laura Rueckert,0,Paperback,,,,0,392
The Mark of Fallen Flame (Weapon of Fire and Ash #1),Brittany Matsen,0,Paperback,,,,0,374
"All the Tides of Fate (All the Stars and Teeth, #2)",Adalyn  Grace,2,ebook,"March 30, 2021",read,"YA, fantasy, fiction, romance",1,368
The Night Circus,Erin Morgenstern,0,Hardcover,,,,0,506
"Legendborn (The Legendborn Cycle, #1)",Tracy Deonn,4,ebook,"March 14, 2021",read,"YA, fantasy, fiction, romance",1,502
"The Mermaid, the Witch, and the Sea (The Mermaid, the Witch, and the Sea, #1)",Maggie Tokuda-Hall,0,Hardcover,,,,0,360
"Blazewrath Games (Blazewrath Games, #1)",Amparo Ortiz,0,Hardcover,,,,0,368
"Kingdom of Exiles (The Beast Charmer, #1)",Maxym M. Martineau,0,,,,,0,438
A Kingdom of Exiles (Outcast #1),S.B. Nova,0,,,,,0,600
"To Sleep in a Sea of Stars (Fractalverse, #1)",Christopher Paolini,0,Hardcover,,,,0,880
"Shadow Frost (Shadow Frost, #1)",Coco Ma,0,Hardcover,,,,0,400
"Foul Lady Fortune (Foul Lady Fortune, #1)",Chloe Gong,0,,,,,0,528
"The Mask of Mirrors (Rook & Rose, #1)",M.A. Carrick,0,Paperback,,,,0,630
"The Descent of the Drowned (The Descent of the Drowned, #1)",Ana Lal Din,0,Hardcover,,,,0,360
We Are the Fire,Sam        Taylor,0,Hardcover,,,,0,416
"Bully (Fall Away, #1)",Penelope Douglas,3,ebook,"February 16, 2021",read,"Adult, contemporary, dark, fiction, romance",1,333
The Hunted,Bethany-Kris,0,,,,,0,299
"A Trial of Sorcerers (A Trial of Sorcerers, #1)",Elise Kova,0,Hardcover,,,,0,364
Into the Heartless Wood,Joanna Ruth Meyer,0,Hardcover,,,,0,368
Lore,Alexandra Bracken,0,Hardcover,,,,0,480
"Crown of Bones (Amassia, #1)",A.K. Wilder,0,Hardcover,,,,0,400
The Lost Clan Trilogy,Olivia Wildenstein,0,,,,,0,1066
"Red Rising (Red Rising Saga, #1)",Pierce Brown,0,Hardcover,,,,0,382
"Sempre (Sempre, #1)",J.M. Darhower,4,ebook,"February 6, 2021",read,"Adult, contemporary, crime, dark, fiction, romance",1,518
The Devil Makes Three,Tori Bovalino,0,Hardcover,,,,0,368
Blood and Chocolate,Annette Curtis Klause,0,,,,,0,288
To Best the Boys,Mary  Weber,0,Hardcover,,,,0,314
"The Shadow Queen (Ravenspire, #1)",C.J. Redwine,0,Hardcover,,,,0,390
"The Winner's Kiss (The Winner's Trilogy, #3)",Marie Rutkoski,4,ebook,"December 17, 2020",read,"YA, dystopia, fiction, historical, romance",1,486
"The Winner's Crime (The Winner's Trilogy, #2)",Marie Rutkoski,4,ebook,"December 16, 2020",read,"YA, dystopia, fantasy, fiction, historical, romance",1,416
"The Winner's Curse (The Winner's Trilogy, #1)",Marie Rutkoski,3,ebook,"December 15, 2020",read,"YA, dystopia, fantasy, fiction, historical, romance",1,355
"The Shadows Between Us (The Shadows Between Us, #1)",Tricia Levenseller,4,ebook,"July 8, 2020",read,"YA, fantasy, fiction, romance",1,326
"The Flame of Olympus  (Pegasus, #1)",Kate O'Hearn,0,Paperback,,,,0,385
"We Hunt the Flame (Sands of Arawiya, #1)",Hafsah Faizal,4,ebook,"December 12, 2020",read,"YA, fantasy, fiction, romance",1,472
"Forest of a Thousand Lanterns (Rise of the Empress, #1)",Julie C. Dao,0,Hardcover,,,,0,363
"A Shifting of Stars (Of Stars, #1)",Kathy Kimbray,0,ebook,,,,0,450
"The Lies of Locke Lamora (Gentleman Bastard, #1)",Scott Lynch,0,,,,,0,752
"Bring Me Their Hearts (Bring Me Their Hearts, #1)",Sara Wolf,0,Hardcover,,,,0,370
"The Cup and The Prince (Kingdom of Curses and Shadows, #1)",Day Leitao,0,Paperback,,,,0,256
Atonement,Ian McEwan,0,Paperback,,,,0,351
"Shielded (Shielded, #1)",KayLynn Flanders,0,,,,,0,432
"A Winter's Promise (The Mirror Visitor, #1)",Christelle Dabos,0,,,,,0,446
"Poison Study (Study, #1)",Maria V. Snyder,0,Paperback,,,,0,427
"Blood & Honey (Serpent & Dove, #2)",Shelby Mahurin,4,ebook,"September 8, 2020",read,"YA, fantasy, fiction, romance",1,536
"Iridescent Fury (Iridescent Fury, #1)",Zachary  James,0,Hardcover,,,,0,504
An Affair of Poisons,Addie Thorley,0,Hardcover,,,,0,391
Feathered: A Young Adult Fantasy Fairy Tale (Swan Maiden Book 1),Rachel Wollaston,0,,,,,0,368
"Scavenge the Stars (Scavenge the Stars, #1)",Tara Sim,0,Hardcover,,,,0,327
Siren's Stone (The Cursed Seas Collection),Miranda Hardy,0,,,,,0,277
"The Cursed Sea (The Glass Spare, #2)",Lauren DeStefano,0,,,,,0,397
"Storm and Fury (The Harbinger, #1)",Jennifer L. Armentrout,3,ebook,"August 23, 2020",read,"YA, fantasy, fiction, romance",1,512
"Ace of Shades (The Shadow Game, #1)",Amanda Foody,0,Hardcover,,,,0,411
"Assassin's Heart (Assassin's Heart, #1)",Sarah Ahiers,0,Hardcover,,,,0,420
Cruel Beauty,Rosamund Hodge,0,Hardcover,,,,0,346
Circe,Madeline Miller,0,Hardcover,,,,0,393
"Fable (The World of the Narrows, #1)",Adrienne Young,0,Hardcover,,,,0,357
"Isle of Blood and Stone (Tower of Winds, #1)",Makiia Lucier,0,,,,,0,400
"Kingdom of the Blazing Phoenix (Rise of the Empress, #2)",Julie C. Dao,0,ebook,,,,0,384
"The Glass Spare (The Glass Spare, #1)",Lauren DeStefano,0,Hardcover,,,,0,402
"Nocturna (A Forgery of Magic, #1)",Maya Motayne,0,Hardcover,,,,0,480
"Dark of the West (Glass Alliance, #1)",Joanna Hathaway,0,Hardcover,,,,0,480
King of the Dark (The Prince's Assassin #1),Ariana Nash,0,,,,,0,354
"Sky Without Stars (System Divine, #1)",Jessica Brody,0,Hardcover,,,,0,582
The Bird and the Blade,Megan Bannen,0,Hardcover,,,,0,416
The Lady Rogue,Jenn Bennett,0,Hardcover,,,,0,372
"Life After Legend (Legend, #3.5)",Marie Lu,5,ebook,,read,"YA, contemporary, dystopia, fantasy, fiction, romance, science fiction",1,21
"Insurgent (Divergent, #2)",Veronica Roth,2,Hardcover,,read,"YA, dystopia, fantasy, fiction, romance, science fiction",1,525
"Allegiant (Divergent, #3)",Veronica Roth,2,Hardcover,,read,"YA, dystopia, fantasy, fiction, romance, science fiction",1,531
Traitor's Masque (Andari Chronicles #1),Kenley Davidson,3,ebook,"January 1, 2020",read,"YA, fantasy, fiction, romance",1,410
"Broken Prince (The Royals, #2)",Erin Watt,4,ebook,"May 10, 2020",read,"Adult, contemporary, fiction, romance",1,370
"Twisted Palace (The Royals, #3)",Erin Watt,4,ebook,"May 11, 2020",read,"Adult, contemporary, fiction, romance",1,370
"Halo (Halo, #1)",Alexandra Adornetto,2,ebook,"June 12, 2020",read,"YA, fantasy, fiction, romance",1,485
"From Blood and Ash (Blood and Ash, #1)",Jennifer L. Armentrout,5,ebook,"June 27, 2020",read,"Adult, fantasy, fiction, romance",1,622
So This is Love,Elizabeth Lim,3,ebook,"July 29, 2020",read,"YA, fantasy, fiction, romance",1,416
"These Rebel Waves (Stream Raiders, #1)",Sara Raasch,0,Hardcover,,,,0,474
"A Throne of Swans (A Throne of Swans, #1)",Katharine Corr,0,Paperback,,,,0,352
"The First Girl Child (The Chronicles of Saylok, #1)",Amy Harmon,0,,,,,0,391
"Goddess in the Machine (Goddess in the Machine, #1)",Lora Beth Johnson,3,ebook,"August 1, 2020",read,"YA, dystopia, fantasy, fiction, romance, science fiction",1,400
"Shadow of the Fox (Shadow of the Fox, #1)",Julie Kagawa,0,ebook,,,,0,454
"The Prince's Chosen (The Fount, #1)",Stephanie Fazio,0,Paperback,,,,0,347
"Reboot (Reboot, #1)",Amy Tintera,0,Hardcover,,,,0,365
"Strange the Dreamer (Strange the Dreamer, #1)",Laini Taylor,0,Hardcover,,,,0,532
"House of Earth and Blood (Crescent City, #1)",Sarah J. Maas,0,Hardcover,,,,0,803
"Seafire (Seafire, #1)",Natalie C. Parker,0,Hardcover,,,,0,374
"Sea Witch (Sea Witch, #1)",Sarah Henning,0,Hardcover,,,,0,368
"Vortex Visions (Air Awakens: Vortex Chronicles, #1)",Elise Kova,0,Paperback,,,,0,374
"Crystal Crowned (Air Awakens, #5)",Elise Kova,5,ebook,"July 17, 2020",read,"YA, fantasy, fiction, romance",1,400
"Heart of Mist (The Oremere Chronicles, #1)",Helen Scheuerer,0,ebook,,,,0,487
"Water's Wrath (Air Awakens, #4)",Elise Kova,5,ebook,"July 6, 2020",read,"YA, fantasy, fiction, romance",1,378
"Earth's End (Air Awakens, #3)",Elise Kova,5,ebook,"July 5, 2020",read,"YA, fantasy, fiction, romance",1,350
Heartless,Marissa Meyer,0,Hardcover,,,,0,453
"Flames of Chaos (Legacy of the Nine Realms, #1)",Amelia Hutchins,0,ebook,,,,0,563
"The Traitor's Kiss (The Traitor's Circle, #1)",Erin Beaty,3,ebook,"June 20, 2020",read,"YA, fantasy, fiction, historical, romance",1,351
"Unravel Me (Shatter Me, #2)",Tahereh Mafi,4,ebook,"June 17, 2020",read,"YA, dystopia, fantasy, fiction, romance, science fiction",1,480
"Talon (Talon, #1)",Julie Kagawa,0,Hardcover,,,,0,449
"Forest of Souls (Shamanborn, #1)",Lori M. Lee,0,Hardcover,,,,0,400
"China Rich Girlfriend (Crazy Rich Asians, #2)",Kevin Kwan,3,ebook,"May 14, 2019",read,"Adult, contemporary, fiction, romance",1,378
"Shatter Me (Shatter Me, #1)",Tahereh Mafi,4,ebook,"June 14, 2020",read,"YA, dystopia, fantasy, fiction, romance, science fiction",1,338
The Winter Duke,Claire Eliza Bartlett,0,Hardcover,,,,0,432
"A Darker Shade of Magic (Shades of Magic, #1)",Victoria E. Schwab,0,Hardcover,,,,0,400
"The Crown's Game (The Crown's Game, #1)",Evelyn Skye,0,Hardcover,,,,0,407
"Frostblood (Frostblood Saga, #1)",Elly Blake,0,Hardcover,,,,0,376
"Set Fire to the Gods (Set Fire to the Gods, #1)",Sara Raasch,0,Hardcover,,,,0,432
"House of Dragons (House of Dragons, #1)",Jessica Cluess,0,Hardcover,,,,0,448
"Obsidio (The Illuminae Files, #3)",Amie Kaufman,4,ebook,,read,"YA, dystopia, fantasy, fiction, romance, science fiction",2,618
"Rebel (Legend, #4)",Marie Lu,3.5,Paperback,"May 7, 2020",read,"YA, dystopia, fantasy, fiction, romance, science fiction",1,376
milk and honey,Rupi Kaur,3,ebook,"October 8, 2019",read,"Adult, contemporary, nonfiction, poetry, romance",1,204
"Allied (Ruined, #3)",Amy Tintera,4,ebook,"September 22, 2019",read,"YA, fantasy, fiction, romance",1,416
"House of Salt and Sorrows (Sisters of the Salt, #1)",Erin A. Craig,0,Hardcover,,,,0,403
"Anne of the Island (Anne of Green Gables, #3)",L.M. Montgomery,4,ebook,,read,"YA, classics, fiction, historical",1,243
"Anne of Avonlea (Anne of Green Gables, #2)",L.M. Montgomery,5,ebook,,read,"YA, classics, fiction, historical",1,276
"Anne of Green Gables (Anne of Green Gables, #1)",L.M. Montgomery,5,ebook,"July 18, 2018",read,"YA, classics, fiction, historical",1,320
"The Rose Society (The Young Elites, #2)",Marie Lu,5,Hardcover,,read,"YA, dystopia, fantasy, fiction, romance, science fiction",1,398
"Life Before Legend (Legend, #0.5)",Marie Lu,5,ebook,,read,"YA, dystopia, fantasy, fiction, romance, science fiction",1,44
"Ivory and Bone (Ivory and Bone, #1)",Julie Eshbaugh,0,Hardcover,,,,0,371
"The Midnight Star (The Young Elites, #3)",Marie Lu,5,Hardcover,,read,"YA, dystopia, fantasy, fiction, romance, science fiction",1,316
To Kill a Mockingbird,Harper Lee,4,ebook,,read,"YA, fiction, historical, literary fiction",1,323
"King's Cage (Red Queen, #3)",Victoria Aveyard,4,ebook,,read,"YA, dystopia, fantasy, fiction, romance, science fiction",1,0
"Glass Sword (Red Queen, #2)",Victoria Aveyard,4,ebook,,read,"YA, dystopia, fantasy, fiction, romance, science fiction",1,444
"The Queen (The Selection, #0.4)",Kiera Cass,5,ebook,,read,"YA, dystopia, fantasy, fiction, romance, science fiction",1,72
"The Crown (The Selection, #5)",Kiera Cass,2.5,ebook,,read,"YA, dystopia, fantasy, fiction, romance, science fiction",1,278
"The Heir (The Selection, #4)",Kiera Cass,2.5,ebook,,read,"YA, dystopia, fantasy, fiction, romance, science fiction",1,342
"Winter (The Lunar Chronicles, #4)",Marissa Meyer,5,Hardcover,,read,"YA, dystopia, fantasy, fiction, romance, science fiction",1,827
"Cress (The Lunar Chronicles, #3)",Marissa Meyer,5,Paperback,,read,"YA, dystopia, fantasy, fiction, romance, science fiction",1,552
"Scarlet (The Lunar Chronicles, #2)",Marissa Meyer,5,Paperback,,read,"YA, dystopia, fantasy, fiction, romance, science fiction",1,454
"Cinder (The Lunar Chronicles, #1)",Marissa Meyer,5,Paperback,,read,"YA, dystopia, fantasy, fiction, romance, science fiction",1,390
Mission: Her Protection,Anna Hackett,2,ebook,"February 25, 2025 → February 26, 2025",read,"Adult, contemporary, fiction, mystery, romance",1,203
Mission: Her Rescue,Anna Hackett,2.5,ebook,"February 26, 2025 → February 28, 2025",read,"Adult, contemporary, fiction, mystery, romance",1,284
The Iliad,"Homer, Emily Wilson (Translator)",,Hardcover,"March 3, 2025",currently-reading,"classics, fantasy, fiction, historical, mythology, poetry",0,848
Wings so Wicked,Emily Blackwood,2,ebook,"March 8, 2025 → March 11, 2025",read,"Adult, fantasy, fiction, romance",1,381
Black Knight,Rina Kent,2,ebook,"March 29, 2025 → March 30, 2025",,"Adult, contemporary, dark, fiction, romance",1,326
Sword Catcher,Cassandra Clare,3.5,ebook,"March 13, 2025 → March 21, 2025",,"YA, fantasy, fiction, romance",1,624
The Ragpicker King,Cassandra Clare,5,ebook,"April 2, 2025 → April 8, 2025","read, ♡","YA, fantasy, fiction, romance",1,480
"Fearless (Powerless Trilogy, #3)",Lauren Roberts,3,ebook,"April 8, 2025 → April 13, 2025",read,"YA, fantasy, fiction, romance",1,608
Seven Sleepless Nights,Chloe Walsh,3,ebook,"April 26, 2025",read,"Adult, contemporary, fiction, romance, sports",1,272
Days at the Morisaki Bookshop,"Satoshi Yagisawa, Eric Ozawa (Translator)",3.5,ebook,"May 1, 2025 → May 3, 2025",read,"contemporary, fiction, literary fiction, romance",1,150
On Wings of Blood (Bloodwing Academy #1),Briar Boleyn,3,ebook,"May 3, 2025 → May 9, 2025",read,"Adult, fantasy, fiction, romance",1,523
Silver Elite,Dani Francis,2,ebook,"May 9, 2025 → May 13, 2025",read,"Adult, fantasy, fiction, romance, science fiction",1,528
The Bond that Burns (Bloodwing Academy #2),Briar Boleyn,3,ebook,"May 13, 2025 → May 18, 2025",read,"Adult, fantasy, fiction, romance",1,395
Releasing 10 (Boys of Tommen #6),Chloe Walsh,3.5,ebook,"May 27, 2025 → June 13, 2025",read,"Adult, contemporary, fiction, romance, sports",1,765
The Rose Bargain,Sasha Peyton Smith,2,ebook,"June 14, 2025 → June 19, 2025",read,"YA, fantasy, fiction, historical, romance",1,389
Power Play (D.C. Stars #2),Chelsea Curto,3,ebook,"June 19, 2025 → June 22, 2025",read,"Adult, contemporary, fiction, romance, sports",1,514
Grand Prix: An Illustrated History of Formula 1,Will Buxton,3,ebook,"June 23, 2025 → August 1, 2025",read,"historical, nonfiction, sports",1,240
Rose in Chains,Julie Soto,4.25,ebook,"July 14, 2025 → July 17, 2025",read,"Adult, dark, fantasy, fiction, romance",1,464
"Two Twisted Crowns (The Shepherd King, #1)",Rachel Gillig,4,ebook,"August 15, 2025 → August 20, 2025",read,"YA, fantasy, fiction, gothic, romance",1,437
Face Off (D.C. Stars #1),Chelsea Curto,3.5,ebook,"May 18, 2025 → May 21, 2025",read,"Adult, contemporary, fiction, romance, sports",1,450
Slap Shot (D.C. Stars #3),Chelsea Curto,2,ebook,"August 28, 2025 → September 3, 2025",read,"Adult, contemporary, fiction, romance, sports",1,530
Hat Trick (D.C. Stars #4),Chelsea Curto,,ebook,,,"Adult, contemporary, fiction, romance, sports",,506
Hotel Magnifique,Emily J. Taylor,2,Audiobook,"September 10, 2025 → September 19, 2025",read,"YA, fantasy, fiction, historical, mystery, romance",1,400
"Fetishized: A Reckoning with Yellow Fever, Feminism, and Beauty",Kaila Yu,,ebook,"September 9, 2025",currently-reading,"memoir, nonfiction",1,256
People We Meet on Vacation,Emily Henry,4,Audiobook,"October 22, 2025 → October 23, 2025",read,"Adult, contemporary, fiction, romance",1,364
Happy Place,Emily Henry,3,Audiobook,"October 24, 2025 → October 25, 2025",read,"Adult, contemporary, fiction, romance",1,400
Every Spiral of Fate (This Woven Kingdom #4),Tahereh Mafi,,,,,"YA, fantasy, fiction, romance",,480
A Study In Drowning,Ava Reid,2,Audiobook,"October 31, 2025 → November 2, 2025",read,"YA, fantasy, fiction, gothic, mystery, romance",1,378
The Ballad of Singbirds and Snakes (The Hunger Games #0),Suzanne Collins,,Audiobook,"November 5, 2025",currently-reading,"YA, dystopia, fantasy, fiction, romance, science fiction",1,541
